key_id,season_id,season,tier,division,subdivision,position,team_id,team_name,played,wins,draws,losses,goals_for,goals_against,goal_difference,points,point_adjustment
1,S-1888-1,1888,1,First Division,None,1,T-009,Preston North End,22,18,4,0,74,15,59,40,0
2,S-1888-1,1888,1,First Division,None,2,T-002,Aston Villa,22,12,5,5,61,43,18,29,0
3,S-1888-1,1888,1,First Division,None,3,T-012,Wolverhampton Wanderers,22,12,4,6,50,37,13,28,0
4,S-1888-1,1888,1,First Division,None,4,T-003,Blackburn Rovers,22,10,6,6,66,45,21,26,0
5,S-1888-1,1888,1,First Division,None,5,T-004,Bolton Wanderers,22,10,2,10,63,59,4,22,0
6,S-1888-1,1888,1,First Division,None,6,T-011,West Bromwich Albion,22,10,2,10,40,46,-6,22,0
7,S-1888-1,1888,1,First Division,None,7,T-001,Accrington,22,6,8,8,48,48,0,20,0
8,S-1888-1,1888,1,First Division,None,8,T-007,Everton,22,9,2,11,35,46,-11,20,0
9,S-1888-1,1888,1,First Division,None,9,T-005,Burnley,22,7,3,12,42,62,-20,17,0
10,S-1888-1,1888,1,First Division,None,10,T-006,Derby County,22,7,2,13,41,61,-20,16,0
11,S-1888-1,1888,1,First Division,None,11,T-008,Notts County,22,5,2,15,40,73,-33,12,0
12,S-1888-1,1888,1,First Division,None,12,T-010,Stoke,22,4,4,14,26,51,-25,12,0
13,S-1889-1,1889,1,First Division,None,1,T-009,Preston North End,22,15,3,4,71,30,41,33,0
14,S-1889-1,1889,1,First Division,None,2,T-007,Everton,22,14,3,5,65,40,25,31,0
15,S-1889-1,1889,1,First Division,None,3,T-003,Blackburn Rovers,22,12,3,7,78,41,37,27,0
16,S-1889-1,1889,1,First Division,None,4,T-012,Wolverhampton Wanderers,22,10,5,7,51,38,13,25,0
17,S-1889-1,1889,1,First Division,None,5,T-011,West Bromwich Albion,22,11,3,8,47,50,-3,25,0
18,S-1889-1,1889,1,First Division,None,6,T-001,Accrington,22,9,6,7,53,56,-3,24,0
19,S-1889-1,1889,1,First Division,None,7,T-006,Derby County,22,9,3,10,43,55,-12,21,0
20,S-1889-1,1889,1,First Division,None,8,T-002,Aston Villa,22,7,5,10,43,51,-8,19,0
21,S-1889-1,1889,1,First Division,None,9,T-004,Bolton Wanderers,22,9,1,12,54,65,-11,19,0
22,S-1889-1,1889,1,First Division,None,10,T-008,Notts County,22,6,5,11,43,51,-8,17,0
23,S-1889-1,1889,1,First Division,None,11,T-005,Burnley,22,4,5,13,36,65,-29,13,0
24,S-1889-1,1889,1,First Division,None,12,T-010,Stoke,22,3,4,15,27,69,-42,10,0
25,S-1890-1,1890,1,First Division,None,1,T-007,Everton,22,14,1,7,63,29,34,29,0
26,S-1890-1,1890,1,First Division,None,2,T-009,Preston North End,22,12,3,7,44,23,21,27,0
27,S-1890-1,1890,1,First Division,None,3,T-008,Notts County,22,11,4,7,52,35,17,26,0
28,S-1890-1,1890,1,First Division,None,4,T-012,Wolverhampton Wanderers,22,12,2,8,39,50,-11,26,0
29,S-1890-1,1890,1,First Division,None,5,T-004,Bolton Wanderers,22,12,1,9,47,34,13,25,0
30,S-1890-1,1890,1,First Division,None,6,T-003,Blackburn Rovers,22,11,2,9,52,43,9,24,0
31,S-1890-1,1890,1,First Division,None,7,T-013,Sunderland,22,10,5,7,51,31,20,23,-2
32,S-1890-1,1890,1,First Division,None,8,T-005,Burnley,22,9,3,10,52,63,-11,21,0
33,S-1890-1,1890,1,First Division,None,9,T-002,Aston Villa,22,7,4,11,45,58,-13,18,0
34,S-1890-1,1890,1,First Division,None,10,T-001,Accrington,22,6,4,12,28,50,-22,16,0
35,S-1890-1,1890,1,First Division,None,11,T-006,Derby County,22,7,1,14,47,81,-34,15,0
36,S-1890-1,1890,1,First Division,None,12,T-011,West Bromwich Albion,22,5,2,15,34,57,-23,12,0
37,S-1891-1,1891,1,First Division,None,1,T-013,Sunderland,26,21,0,5,93,36,57,42,0
38,S-1891-1,1891,1,First Division,None,2,T-009,Preston North End,26,18,1,7,61,31,30,37,0
39,S-1891-1,1891,1,First Division,None,3,T-004,Bolton Wanderers,26,17,2,7,51,37,14,36,0
40,S-1891-1,1891,1,First Division,None,4,T-002,Aston Villa,26,15,0,11,89,56,33,30,0
41,S-1891-1,1891,1,First Division,None,5,T-007,Everton,26,12,4,10,49,49,0,28,0
42,S-1891-1,1891,1,First Division,None,6,T-012,Wolverhampton Wanderers,26,11,4,11,59,46,13,26,0
43,S-1891-1,1891,1,First Division,None,7,T-005,Burnley,26,11,4,11,49,45,4,26,0
44,S-1891-1,1891,1,First Division,None,8,T-008,Notts County,26,11,4,11,55,51,4,26,0
45,S-1891-1,1891,1,First Division,None,9,T-003,Blackburn Rovers,26,10,6,10,58,65,-7,26,0
46,S-1891-1,1891,1,First Division,None,10,T-006,Derby County,26,10,4,12,46,52,-6,24,0
47,S-1891-1,1891,1,First Division,None,11,T-001,Accrington,26,8,4,14,40,78,-38,20,0
48,S-1891-1,1891,1,First Division,None,12,T-011,West Bromwich Albion,26,6,6,14,51,58,-7,18,0
49,S-1891-1,1891,1,First Division,None,13,T-010,Stoke,26,5,4,17,38,61,-23,14,0
50,S-1891-1,1891,1,First Division,None,14,T-014,Darwen,26,4,3,19,38,112,-74,11,0
51,S-1892-1,1892,1,First Division,None,1,T-013,Sunderland,30,22,4,4,100,36,64,48,0
52,S-1892-1,1892,1,First Division,None,2,T-009,Preston North End,30,17,3,10,57,39,18,37,0
53,S-1892-1,1892,1,First Division,None,3,T-007,Everton,30,16,4,10,74,51,23,36,0
54,S-1892-1,1892,1,First Division,None,4,T-002,Aston Villa,30,16,3,11,73,62,11,35,0
55,S-1892-1,1892,1,First Division,None,5,T-004,Bolton Wanderers,30,13,6,11,56,55,1,32,0
56,S-1892-1,1892,1,First Division,None,6,T-005,Burnley,30,13,4,13,51,44,7,30,0
57,S-1892-1,1892,1,First Division,None,7,T-010,Stoke,30,12,5,13,58,48,10,29,0
58,S-1892-1,1892,1,First Division,None,8,T-011,West Bromwich Albion,30,12,5,13,58,69,-11,29,0
59,S-1892-1,1892,1,First Division,None,9,T-003,Blackburn Rovers,30,8,13,9,47,56,-9,29,0
60,S-1892-1,1892,1,First Division,None,10,T-024,Nottingham Forest,30,10,8,12,48,52,-4,28,0
61,S-1892-1,1892,1,First Division,None,11,T-012,Wolverhampton Wanderers,30,12,4,14,47,68,-21,28,0
62,S-1892-1,1892,1,First Division,None,12,T-027,The Wednesday,30,12,3,15,55,65,-10,27,0
63,S-1892-1,1892,1,First Division,None,13,T-006,Derby County,30,9,9,12,52,64,-12,27,0
64,S-1892-1,1892,1,First Division,None,14,T-008,Notts County,30,10,4,16,53,61,-8,24,0
65,S-1892-1,1892,1,First Division,None,15,T-001,Accrington,30,6,11,13,57,81,-24,23,0
66,S-1892-1,1892,1,First Division,None,16,T-022,Newton Heath,30,6,6,18,50,85,-35,18,0
67,S-1892-2,1892,2,Second Division,None,1,T-015,Small Heath,22,17,2,3,90,35,55,36,0
68,S-1892-2,1892,2,Second Division,None,2,T-026,Sheffield United,22,16,3,3,62,19,43,35,0
69,S-1892-2,1892,2,Second Division,None,3,T-014,Darwen,22,14,2,6,60,36,24,30,0
70,S-1892-2,1892,2,Second Division,None,4,T-019,Grimsby Town,22,11,1,10,42,41,1,23,0
71,S-1892-2,1892,2,Second Division,None,5,T-021,Ardwick,22,9,3,10,45,40,5,21,0
72,S-1892-2,1892,2,Second Division,None,6,T-017,Burton Swifts,22,9,2,11,47,47,0,20,0
73,S-1892-2,1892,2,Second Division,None,7,T-023,Northwich Victoria,22,9,2,11,42,58,-16,20,0
74,S-1892-2,1892,2,Second Division,None,8,T-016,Bootle,22,8,3,11,49,63,-14,19,0
75,S-1892-2,1892,2,Second Division,None,9,T-020,Lincoln City,22,7,3,12,45,51,-6,17,0
76,S-1892-2,1892,2,Second Division,None,10,T-018,Crewe Alexandra,22,6,3,13,42,69,-27,15,0
77,S-1892-2,1892,2,Second Division,None,11,T-025,Burslem Port Vale,22,6,3,13,30,57,-27,15,0
78,S-1892-2,1892,2,Second Division,None,12,T-028,Walsall Town Swifts,22,5,3,14,37,75,-38,13,0
79,S-1893-1,1893,1,First Division,None,1,T-002,Aston Villa,30,19,6,5,84,42,42,44,0
80,S-1893-1,1893,1,First Division,None,2,T-013,Sunderland,30,17,4,9,72,44,28,38,0
81,S-1893-1,1893,1,First Division,None,3,T-006,Derby County,30,16,4,10,73,62,11,36,0
82,S-1893-1,1893,1,First Division,None,4,T-003,Blackburn Rovers,30,16,2,12,69,53,16,34,0
83,S-1893-1,1893,1,First Division,None,5,T-005,Burnley,30,15,4,11,61,51,10,34,0
84,S-1893-1,1893,1,First Division,None,6,T-007,Everton,30,15,3,12,90,57,33,33,0
85,S-1893-1,1893,1,First Division,None,7,T-024,Nottingham Forest,30,14,4,12,57,48,9,32,0
86,S-1893-1,1893,1,First Division,None,8,T-011,West Bromwich Albion,30,14,4,12,66,59,7,32,0
87,S-1893-1,1893,1,First Division,None,9,T-012,Wolverhampton Wanderers,30,14,3,13,52,63,-11,31,0
88,S-1893-1,1893,1,First Division,None,10,T-026,Sheffield United,30,13,5,12,47,61,-14,31,0
89,S-1893-1,1893,1,First Division,None,11,T-010,Stoke,30,13,3,14,65,79,-14,29,0
90,S-1893-1,1893,1,First Division,None,12,T-027,The Wednesday,30,9,8,13,48,57,-9,26,0
91,S-1893-1,1893,1,First Division,None,13,T-004,Bolton Wanderers,30,10,4,16,38,52,-14,24,0
92,S-1893-1,1893,1,First Division,None,14,T-009,Preston North End,30,10,3,17,44,56,-12,23,0
93,S-1893-1,1893,1,First Division,None,15,T-014,Darwen,30,7,5,18,37,83,-46,19,0
94,S-1893-1,1893,1,First Division,None,16,T-022,Newton Heath,30,6,2,22,36,72,-36,14,0
95,S-1893-2,1893,2,Second Division,None,1,T-030,Liverpool,28,22,6,0,77,18,59,50,0
96,S-1893-2,1893,2,Second Division,None,2,T-015,Small Heath,28,21,0,7,103,44,59,42,0
97,S-1893-2,1893,2,Second Division,None,3,T-008,Notts County,28,18,3,7,70,31,39,39,0
98,S-1893-2,1893,2,Second Division,None,4,T-032,Newcastle United,28,15,6,7,66,39,27,36,0
99,S-1893-2,1893,2,Second Division,None,5,T-019,Grimsby Town,28,15,2,11,71,58,13,32,0
100,S-1893-2,1893,2,Second Division,None,6,T-017,Burton Swifts,28,14,3,11,79,61,18,31,0
101,S-1893-2,1893,2,Second Division,None,7,T-025,Burslem Port Vale,28,13,4,11,66,64,2,30,0
102,S-1893-2,1893,2,Second Division,None,8,T-020,Lincoln City,28,11,6,11,59,58,1,28,0
103,S-1893-2,1893,2,Second Division,None,9,T-029,Woolwich Arsenal,28,12,4,12,52,55,-3,28,0
104,S-1893-2,1893,2,Second Division,None,10,T-028,Walsall Town Swifts,28,10,3,15,51,61,-10,23,0
105,S-1893-2,1893,2,Second Division,None,11,T-031,Middlesbrough Ironopolis,28,8,4,16,37,72,-35,20,0
106,S-1893-2,1893,2,Second Division,None,12,T-018,Crewe Alexandra,28,6,7,15,42,73,-31,19,0
107,S-1893-2,1893,2,Second Division,None,13,T-021,Ardwick,28,8,2,18,47,71,-24,18,0
108,S-1893-2,1893,2,Second Division,None,14,T-033,Rotherham Town,28,6,3,19,44,91,-47,15,0
109,S-1893-2,1893,2,Second Division,None,15,T-023,Northwich Victoria,28,3,3,22,30,98,-68,9,0
110,S-1894-1,1894,1,First Division,None,1,T-013,Sunderland,30,21,5,4,80,37,43,47,0
111,S-1894-1,1894,1,First Division,None,2,T-007,Everton,30,18,6,6,82,50,32,42,0
112,S-1894-1,1894,1,First Division,None,3,T-002,Aston Villa,30,17,5,8,82,43,39,39,0
113,S-1894-1,1894,1,First Division,None,4,T-009,Preston North End,30,15,5,10,62,46,16,35,0
114,S-1894-1,1894,1,First Division,None,5,T-003,Blackburn Rovers,30,11,10,9,59,49,10,32,0
115,S-1894-1,1894,1,First Division,None,6,T-026,Sheffield United,30,14,4,12,57,55,2,32,0
116,S-1894-1,1894,1,First Division,None,7,T-024,Nottingham Forest,30,13,5,12,50,56,-6,31,0
117,S-1894-1,1894,1,First Division,None,8,T-027,The Wednesday,30,12,4,14,50,55,-5,28,0
118,S-1894-1,1894,1,First Division,None,9,T-005,Burnley,30,11,4,15,44,56,-12,26,0
119,S-1894-1,1894,1,First Division,None,10,T-004,Bolton Wanderers,30,9,7,14,61,62,-1,25,0
120,S-1894-1,1894,1,First Division,None,11,T-012,Wolverhampton Wanderers,30,9,7,14,43,63,-20,25,0
121,S-1894-1,1894,1,First Division,None,12,T-015,Small Heath,30,9,7,14,50,74,-24,25,0
122,S-1894-1,1894,1,First Division,None,13,T-011,West Bromwich Albion,30,10,4,16,51,66,-15,24,0
123,S-1894-1,1894,1,First Division,None,14,T-010,Stoke,30,9,6,15,50,67,-17,24,0
124,S-1894-1,1894,1,First Division,None,15,T-006,Derby County,30,7,9,14,45,68,-23,23,0
125,S-1894-1,1894,1,First Division,None,16,T-030,Liverpool,30,7,8,15,51,70,-19,22,0
126,S-1894-2,1894,2,Second Division,None,1,T-035,Bury,30,23,2,5,78,33,45,48,0
127,S-1894-2,1894,2,Second Division,None,2,T-008,Notts County,30,17,5,8,75,45,30,39,0
128,S-1894-2,1894,2,Second Division,None,3,T-022,Newton Heath,30,15,8,7,78,44,34,38,0
129,S-1894-2,1894,2,Second Division,None,4,T-036,Leicester Fosse,30,15,8,7,72,53,19,38,0
130,S-1894-2,1894,2,Second Division,None,5,T-019,Grimsby Town,30,18,1,11,79,52,27,37,0
131,S-1894-2,1894,2,Second Division,None,6,T-014,Darwen,30,16,4,10,74,43,31,36,0
132,S-1894-2,1894,2,Second Division,None,7,T-034,Burton Wanderers,30,14,7,9,67,39,28,35,0
133,S-1894-2,1894,2,Second Division,None,8,T-029,Woolwich Arsenal,30,14,6,10,75,58,17,34,0
134,S-1894-2,1894,2,Second Division,None,9,T-021,Manchester City,30,14,3,13,82,72,10,31,0
135,S-1894-2,1894,2,Second Division,None,10,T-032,Newcastle United,30,12,3,15,72,84,-12,27,0
136,S-1894-2,1894,2,Second Division,None,11,T-017,Burton Swifts,30,11,3,16,52,74,-22,25,0
137,S-1894-2,1894,2,Second Division,None,12,T-033,Rotherham Town,30,11,2,17,55,62,-7,24,0
138,S-1894-2,1894,2,Second Division,None,13,T-020,Lincoln City,30,10,0,20,52,92,-40,20,0
139,S-1894-2,1894,2,Second Division,None,14,T-028,Walsall Town Swifts,30,10,0,20,47,92,-45,20,0
140,S-1894-2,1894,2,Second Division,None,15,T-025,Burslem Port Vale,30,7,4,19,39,77,-38,18,0
141,S-1894-2,1894,2,Second Division,None,16,T-018,Crewe Alexandra,30,3,4,23,26,103,-77,10,0
142,S-1895-1,1895,1,First Division,None,1,T-002,Aston Villa,30,20,5,5,78,45,33,45,0
143,S-1895-1,1895,1,First Division,None,2,T-006,Derby County,30,17,7,6,68,35,33,41,0
144,S-1895-1,1895,1,First Division,None,3,T-007,Everton,30,16,7,7,66,43,23,39,0
145,S-1895-1,1895,1,First Division,None,4,T-004,Bolton Wanderers,30,16,5,9,49,37,12,37,0
146,S-1895-1,1895,1,First Division,None,5,T-013,Sunderland,30,15,7,8,52,41,11,37,0
147,S-1895-1,1895,1,First Division,None,6,T-010,Stoke,30,15,0,15,56,47,9,30,0
148,S-1895-1,1895,1,First Division,None,7,T-027,The Wednesday,30,12,5,13,44,53,-9,29,0
149,S-1895-1,1895,1,First Division,None,8,T-003,Blackburn Rovers,30,12,5,13,40,50,-10,29,0
150,S-1895-1,1895,1,First Division,None,9,T-009,Preston North End,30,11,6,13,44,48,-4,28,0
151,S-1895-1,1895,1,First Division,None,10,T-005,Burnley,30,10,7,13,48,44,4,27,0
152,S-1895-1,1895,1,First Division,None,11,T-035,Bury,30,12,3,15,50,54,-4,27,0
153,S-1895-1,1895,1,First Division,None,12,T-026,Sheffield United,30,10,6,14,40,50,-10,26,0
154,S-1895-1,1895,1,First Division,None,13,T-024,Nottingham Forest,30,11,3,16,42,57,-15,25,0
155,S-1895-1,1895,1,First Division,None,14,T-012,Wolverhampton Wanderers,30,10,1,19,61,65,-4,21,0
156,S-1895-1,1895,1,First Division,None,15,T-015,Small Heath,30,8,4,18,39,79,-40,20,0
157,S-1895-1,1895,1,First Division,None,16,T-011,West Bromwich Albion,30,6,7,17,30,59,-29,19,0
158,S-1895-2,1895,2,Second Division,None,1,T-030,Liverpool,30,22,2,6,106,32,74,46,0
159,S-1895-2,1895,2,Second Division,None,2,T-021,Manchester City,30,21,4,5,63,38,25,46,0
160,S-1895-2,1895,2,Second Division,None,3,T-019,Grimsby Town,30,20,2,8,82,38,44,42,0
161,S-1895-2,1895,2,Second Division,None,4,T-034,Burton Wanderers,30,19,4,7,69,40,29,42,0
162,S-1895-2,1895,2,Second Division,None,5,T-032,Newcastle United,30,16,2,12,73,50,23,34,0
163,S-1895-2,1895,2,Second Division,None,6,T-022,Newton Heath,30,15,3,12,66,57,9,33,0
164,S-1895-2,1895,2,Second Division,None,7,T-029,Woolwich Arsenal,30,14,4,12,58,42,16,32,0
165,S-1895-2,1895,2,Second Division,None,8,T-036,Leicester Fosse,30,14,4,12,57,44,13,32,0
166,S-1895-2,1895,2,Second Division,None,9,T-014,Darwen,30,12,6,12,72,67,5,30,0
167,S-1895-2,1895,2,Second Division,None,10,T-008,Notts County,30,12,2,16,57,54,3,26,0
168,S-1895-2,1895,2,Second Division,None,11,T-017,Burton Swifts,30,10,4,16,39,69,-30,24,0
169,S-1895-2,1895,2,Second Division,None,12,T-037,Loughborough,30,9,5,16,40,66,-26,23,0
170,S-1895-2,1895,2,Second Division,None,13,T-020,Lincoln City,30,9,4,17,53,75,-22,22,0
171,S-1895-2,1895,2,Second Division,None,14,T-025,Burslem Port Vale,30,7,4,19,43,78,-35,18,0
172,S-1895-2,1895,2,Second Division,None,15,T-033,Rotherham Town,30,7,3,20,34,97,-63,17,0
173,S-1895-2,1895,2,Second Division,None,16,T-018,Crewe Alexandra,30,5,3,22,30,95,-65,13,0
174,S-1896-1,1896,1,First Division,None,1,T-002,Aston Villa,30,21,5,4,73,38,35,47,0
175,S-1896-1,1896,1,First Division,None,2,T-026,Sheffield United,30,13,10,7,42,29,13,36,0
176,S-1896-1,1896,1,First Division,None,3,T-006,Derby County,30,16,4,10,70,50,20,36,0
177,S-1896-1,1896,1,First Division,None,4,T-009,Preston North End,30,11,12,7,55,40,15,34,0
178,S-1896-1,1896,1,First Division,None,5,T-030,Liverpool,30,12,9,9,46,38,8,33,0
179,S-1896-1,1896,1,First Division,None,6,T-027,The Wednesday,30,10,11,9,42,37,5,31,0
180,S-1896-1,1896,1,First Division,None,7,T-007,Everton,30,14,3,13,62,57,5,31,0
181,S-1896-1,1896,1,First Division,None,8,T-004,Bolton Wanderers,30,12,6,12,40,43,-3,30,0
182,S-1896-1,1896,1,First Division,None,9,T-035,Bury,30,10,10,10,39,44,-5,30,0
183,S-1896-1,1896,1,First Division,None,10,T-012,Wolverhampton Wanderers,30,11,6,13,45,41,4,28,0
184,S-1896-1,1896,1,First Division,None,11,T-024,Nottingham Forest,30,9,8,13,44,49,-5,26,0
185,S-1896-1,1896,1,First Division,None,12,T-011,West Bromwich Albion,30,10,6,14,33,56,-23,26,0
186,S-1896-1,1896,1,First Division,None,13,T-010,Stoke,30,11,3,16,48,59,-11,25,0
187,S-1896-1,1896,1,First Division,None,14,T-003,Blackburn Rovers,30,11,3,16,35,62,-27,25,0
188,S-1896-1,1896,1,First Division,None,15,T-013,Sunderland,30,7,9,14,34,47,-13,23,0
189,S-1896-1,1896,1,First Division,None,16,T-005,Burnley,30,6,7,17,43,61,-18,19,0
190,S-1896-2,1896,2,Second Division,None,1,T-008,Notts County,30,19,4,7,92,43,49,42,0
191,S-1896-2,1896,2,Second Division,None,2,T-022,Newton Heath,30,17,5,8,56,34,22,39,0
192,S-1896-2,1896,2,Second Division,None,3,T-019,Grimsby Town,30,17,4,9,66,45,21,38,0
193,S-1896-2,1896,2,Second Division,None,4,T-015,Small Heath,30,16,5,9,69,47,22,37,0
194,S-1896-2,1896,2,Second Division,None,5,T-032,Newcastle United,30,17,1,12,56,52,4,35,0
195,S-1896-2,1896,2,Second Division,None,6,T-021,Manchester City,30,12,8,10,58,50,8,32,0
196,S-1896-2,1896,2,Second Division,None,7,T-039,Gainsborough Trinity,30,12,7,11,50,47,3,31,0
197,S-1896-2,1896,2,Second Division,None,8,T-038,Blackpool,30,13,5,12,59,56,3,31,0
198,S-1896-2,1896,2,Second Division,None,9,T-036,Leicester Fosse,30,13,4,13,59,57,2,30,0
199,S-1896-2,1896,2,Second Division,None,10,T-029,Woolwich Arsenal,30,13,4,13,68,70,-2,30,0
200,S-1896-2,1896,2,Second Division,None,11,T-014,Darwen,30,14,0,16,67,61,6,28,0
201,S-1896-2,1896,2,Second Division,None,12,T-028,Walsall,30,11,4,15,54,69,-15,26,0
202,S-1896-2,1896,2,Second Division,None,13,T-037,Loughborough,30,12,1,17,50,64,-14,25,0
203,S-1896-2,1896,2,Second Division,None,14,T-017,Burton Swifts,30,9,6,15,46,61,-15,24,0
204,S-1896-2,1896,2,Second Division,None,15,T-034,Burton Wanderers,30,9,2,19,31,67,-36,20,0
205,S-1896-2,1896,2,Second Division,None,16,T-020,Lincoln City,30,5,2,23,27,85,-58,12,0
206,S-1897-1,1897,1,First Division,None,1,T-026,Sheffield United,30,17,8,5,56,31,25,42,0
207,S-1897-1,1897,1,First Division,None,2,T-013,Sunderland,30,16,5,9,43,30,13,37,0
208,S-1897-1,1897,1,First Division,None,3,T-012,Wolverhampton Wanderers,30,14,7,9,57,41,16,35,0
209,S-1897-1,1897,1,First Division,None,4,T-007,Everton,30,13,9,8,48,39,9,35,0
210,S-1897-1,1897,1,First Division,None,5,T-027,The Wednesday,30,15,3,12,51,42,9,33,0
211,S-1897-1,1897,1,First Division,None,6,T-002,Aston Villa,30,14,5,11,61,51,10,33,0
212,S-1897-1,1897,1,First Division,None,7,T-011,West Bromwich Albion,30,11,10,9,44,45,-1,32,0
213,S-1897-1,1897,1,First Division,None,8,T-024,Nottingham Forest,30,11,9,10,47,49,-2,31,0
214,S-1897-1,1897,1,First Division,None,9,T-030,Liverpool,30,11,6,13,48,45,3,28,0
215,S-1897-1,1897,1,First Division,None,10,T-006,Derby County,30,11,6,13,57,61,-4,28,0
216,S-1897-1,1897,1,First Division,None,11,T-004,Bolton Wanderers,30,11,4,15,28,41,-13,26,0
217,S-1897-1,1897,1,First Division,None,12,T-009,Preston North End,30,8,8,14,35,43,-8,24,0
218,S-1897-1,1897,1,First Division,None,13,T-008,Notts County,30,8,8,14,36,46,-10,24,0
219,S-1897-1,1897,1,First Division,None,14,T-035,Bury,30,8,8,14,39,51,-12,24,0
220,S-1897-1,1897,1,First Division,None,15,T-003,Blackburn Rovers,30,7,10,13,39,54,-15,24,0
221,S-1897-1,1897,1,First Division,None,16,T-010,Stoke,30,8,8,14,35,55,-20,24,0
222,S-1897-2,1897,2,Second Division,None,1,T-005,Burnley,30,20,8,2,80,24,56,48,0
223,S-1897-2,1897,2,Second Division,None,2,T-032,Newcastle United,30,21,3,6,64,32,32,45,0
224,S-1897-2,1897,2,Second Division,None,3,T-021,Manchester City,30,15,9,6,66,36,30,39,0
225,S-1897-2,1897,2,Second Division,None,4,T-022,Newton Heath,30,16,6,8,64,35,29,38,0
226,S-1897-2,1897,2,Second Division,None,5,T-029,Woolwich Arsenal,30,16,5,9,69,49,20,37,0
227,S-1897-2,1897,2,Second Division,None,6,T-015,Small Heath,30,16,4,10,58,50,8,36,0
228,S-1897-2,1897,2,Second Division,None,7,T-036,Leicester Fosse,30,13,7,10,46,35,11,33,0
229,S-1897-2,1897,2,Second Division,None,8,T-040,Luton Town,30,13,4,13,68,50,18,30,0
230,S-1897-2,1897,2,Second Division,None,9,T-039,Gainsborough Trinity,30,12,6,12,50,54,-4,30,0
231,S-1897-2,1897,2,Second Division,None,10,T-028,Walsall,30,12,5,13,58,58,0,29,0
232,S-1897-2,1897,2,Second Division,None,11,T-038,Blackpool,30,10,5,15,49,61,-12,25,0
233,S-1897-2,1897,2,Second Division,None,12,T-019,Grimsby Town,30,10,4,16,52,62,-10,24,0
234,S-1897-2,1897,2,Second Division,None,13,T-017,Burton Swifts,30,8,5,17,38,69,-31,21,0
235,S-1897-2,1897,2,Second Division,None,14,T-020,Lincoln City,30,6,5,19,43,82,-39,17,0
236,S-1897-2,1897,2,Second Division,None,15,T-014,Darwen,30,6,2,22,31,76,-45,14,0
237,S-1897-2,1897,2,Second Division,None,16,T-037,Loughborough,30,6,2,22,24,87,-63,14,0
238,S-1898-1,1898,1,First Division,None,1,T-002,Aston Villa,34,19,7,8,76,40,36,45,0
239,S-1898-1,1898,1,First Division,None,2,T-030,Liverpool,34,19,5,10,49,33,16,43,0
240,S-1898-1,1898,1,First Division,None,3,T-005,Burnley,34,15,9,10,45,47,-2,39,0
241,S-1898-1,1898,1,First Division,None,4,T-007,Everton,34,15,8,11,48,41,7,38,0
242,S-1898-1,1898,1,First Division,None,5,T-008,Notts County,34,12,13,9,47,51,-4,37,0
243,S-1898-1,1898,1,First Division,None,6,T-003,Blackburn Rovers,34,14,8,12,60,52,8,36,0
244,S-1898-1,1898,1,First Division,None,7,T-013,Sunderland,34,15,6,13,41,41,0,36,0
245,S-1898-1,1898,1,First Division,None,8,T-012,Wolverhampton Wanderers,34,14,7,13,54,48,6,35,0
246,S-1898-1,1898,1,First Division,None,9,T-006,Derby County,34,12,11,11,62,57,5,35,0
247,S-1898-1,1898,1,First Division,None,10,T-035,Bury,34,14,7,13,48,49,-1,35,0
248,S-1898-1,1898,1,First Division,None,11,T-024,Nottingham Forest,34,11,11,12,42,42,0,33,0
249,S-1898-1,1898,1,First Division,None,12,T-010,Stoke,34,13,7,14,47,52,-5,33,0
250,S-1898-1,1898,1,First Division,None,13,T-032,Newcastle United,34,11,8,15,49,48,1,30,0
251,S-1898-1,1898,1,First Division,None,14,T-011,West Bromwich Albion,34,12,6,16,42,57,-15,30,0
252,S-1898-1,1898,1,First Division,None,15,T-009,Preston North End,34,10,9,15,44,47,-3,29,0
253,S-1898-1,1898,1,First Division,None,16,T-026,Sheffield United,34,9,11,14,45,51,-6,29,0
254,S-1898-1,1898,1,First Division,None,17,T-004,Bolton Wanderers,34,9,7,18,37,51,-14,25,0
255,S-1898-1,1898,1,First Division,None,18,T-027,The Wednesday,34,8,8,18,32,61,-29,24,0
256,S-1898-2,1898,2,Second Division,None,1,T-021,Manchester City,34,23,6,5,92,35,57,52,0
257,S-1898-2,1898,2,Second Division,None,2,T-042,Glossop North End,34,20,6,8,76,38,38,46,0
258,S-1898-2,1898,2,Second Division,None,3,T-036,Leicester Fosse,34,18,9,7,64,42,22,45,0
259,S-1898-2,1898,2,Second Division,None,4,T-022,Newton Heath,34,19,5,10,67,43,24,43,0
260,S-1898-2,1898,2,Second Division,None,5,T-043,New Brighton Tower,34,18,7,9,71,52,19,43,0
261,S-1898-2,1898,2,Second Division,None,6,T-028,Walsall,34,15,12,7,79,36,43,42,0
262,S-1898-2,1898,2,Second Division,None,7,T-029,Woolwich Arsenal,34,18,5,11,72,41,31,41,0
263,S-1898-2,1898,2,Second Division,None,8,T-015,Small Heath,34,17,7,10,85,50,35,41,0
264,S-1898-2,1898,2,Second Division,None,9,T-025,Burslem Port Vale,34,17,5,12,56,34,22,39,0
265,S-1898-2,1898,2,Second Division,None,10,T-019,Grimsby Town,34,15,5,14,71,60,11,35,0
266,S-1898-2,1898,2,Second Division,None,11,T-041,Barnsley,34,12,7,15,52,56,-4,31,0
267,S-1898-2,1898,2,Second Division,None,12,T-020,Lincoln City,34,12,7,15,51,56,-5,31,0
268,S-1898-2,1898,2,Second Division,None,13,T-017,Burton Swifts,34,10,8,16,51,70,-19,28,0
269,S-1898-2,1898,2,Second Division,None,14,T-039,Gainsborough Trinity,34,10,5,19,56,72,-16,25,0
270,S-1898-2,1898,2,Second Division,None,15,T-040,Luton Town,34,10,3,21,51,95,-44,23,0
271,S-1898-2,1898,2,Second Division,None,16,T-038,Blackpool,34,8,4,22,49,90,-41,20,0
272,S-1898-2,1898,2,Second Division,None,17,T-037,Loughborough,34,6,6,22,38,92,-54,18,0
273,S-1898-2,1898,2,Second Division,None,18,T-014,Darwen,34,2,5,27,22,141,-119,9,0
274,S-1899-1,1899,1,First Division,None,1,T-002,Aston Villa,34,22,6,6,77,35,42,50,0
275,S-1899-1,1899,1,First Division,None,2,T-026,Sheffield United,34,18,12,4,63,33,30,48,0
276,S-1899-1,1899,1,First Division,None,3,T-013,Sunderland,34,19,3,12,50,35,15,41,0
277,S-1899-1,1899,1,First Division,None,4,T-012,Wolverhampton Wanderers,34,15,9,10,48,37,11,39,0
278,S-1899-1,1899,1,First Division,None,5,T-032,Newcastle United,34,13,10,11,53,43,10,36,0
279,S-1899-1,1899,1,First Division,None,6,T-006,Derby County,34,14,8,12,45,43,2,36,0
280,S-1899-1,1899,1,First Division,None,7,T-021,Manchester City,34,13,8,13,50,44,6,34,0
281,S-1899-1,1899,1,First Division,None,8,T-024,Nottingham Forest,34,13,8,13,56,55,1,34,0
282,S-1899-1,1899,1,First Division,None,9,T-010,Stoke,34,13,8,13,37,45,-8,34,0
283,S-1899-1,1899,1,First Division,None,10,T-030,Liverpool,34,14,5,15,49,45,4,33,0
284,S-1899-1,1899,1,First Division,None,11,T-007,Everton,34,13,7,14,47,49,-2,33,0
285,S-1899-1,1899,1,First Division,None,12,T-035,Bury,34,13,6,15,40,44,-4,32,0
286,S-1899-1,1899,1,First Division,None,13,T-011,West Bromwich Albion,34,11,8,15,43,51,-8,30,0
287,S-1899-1,1899,1,First Division,None,14,T-003,Blackburn Rovers,34,13,4,17,49,61,-12,30,0
288,S-1899-1,1899,1,First Division,None,15,T-008,Notts County,34,9,11,14,46,60,-14,29,0
289,S-1899-1,1899,1,First Division,None,16,T-009,Preston North End,34,12,4,18,38,48,-10,28,0
290,S-1899-1,1899,1,First Division,None,17,T-005,Burnley,34,11,5,18,34,54,-20,27,0
291,S-1899-1,1899,1,First Division,None,18,T-042,Glossop,34,4,10,20,31,74,-43,18,0
292,S-1899-2,1899,2,Second Division,None,1,T-027,The Wednesday,34,25,4,5,84,22,62,54,0
293,S-1899-2,1899,2,Second Division,None,2,T-004,Bolton Wanderers,34,22,8,4,79,25,54,52,0
294,S-1899-2,1899,2,Second Division,None,3,T-015,Small Heath,34,20,6,8,78,38,40,46,0
295,S-1899-2,1899,2,Second Division,None,4,T-022,Newton Heath,34,20,4,10,63,27,36,44,0
296,S-1899-2,1899,2,Second Division,None,5,T-036,Leicester Fosse,34,17,9,8,53,36,17,43,0
297,S-1899-2,1899,2,Second Division,None,6,T-019,Grimsby Town,34,17,6,11,67,46,21,40,0
298,S-1899-2,1899,2,Second Division,None,7,T-044,Chesterfield Town,34,16,6,12,65,60,5,38,0
299,S-1899-2,1899,2,Second Division,None,8,T-029,Woolwich Arsenal,34,16,4,14,61,43,18,36,0
300,S-1899-2,1899,2,Second Division,None,9,T-020,Lincoln City,34,14,8,12,46,43,3,36,0
301,S-1899-2,1899,2,Second Division,None,10,T-043,New Brighton Tower,34,13,9,12,66,58,8,35,0
302,S-1899-2,1899,2,Second Division,None,11,T-025,Burslem Port Vale,34,14,6,14,39,49,-10,34,0
303,S-1899-2,1899,2,Second Division,None,12,T-028,Walsall,34,12,8,14,50,55,-5,32,0
304,S-1899-2,1899,2,Second Division,None,13,T-039,Gainsborough Trinity,34,9,7,18,47,75,-28,25,0
305,S-1899-2,1899,2,Second Division,None,14,T-045,Middlesbrough,34,8,8,18,39,69,-30,24,0
306,S-1899-2,1899,2,Second Division,None,15,T-017,Burton Swifts,34,9,6,19,43,84,-41,24,0
307,S-1899-2,1899,2,Second Division,None,16,T-041,Barnsley,34,8,7,19,46,79,-33,23,0
308,S-1899-2,1899,2,Second Division,None,17,T-040,Luton Town,34,5,8,21,40,75,-35,18,0
309,S-1899-2,1899,2,Second Division,None,18,T-037,Loughborough,34,1,6,27,18,100,-82,8,0
310,S-1900-1,1900,1,First Division,None,1,T-030,Liverpool,34,19,7,8,59,35,24,45,0
311,S-1900-1,1900,1,First Division,None,2,T-013,Sunderland,34,15,13,6,57,26,31,43,0
312,S-1900-1,1900,1,First Division,None,3,T-008,Notts County,34,18,4,12,54,46,8,40,0
313,S-1900-1,1900,1,First Division,None,4,T-024,Nottingham Forest,34,16,7,11,53,36,17,39,0
314,S-1900-1,1900,1,First Division,None,5,T-035,Bury,34,16,7,11,53,37,16,39,0
315,S-1900-1,1900,1,First Division,None,6,T-032,Newcastle United,34,14,10,10,42,37,5,38,0
316,S-1900-1,1900,1,First Division,None,7,T-007,Everton,34,16,5,13,55,42,13,37,0
317,S-1900-1,1900,1,First Division,None,8,T-027,The Wednesday,34,13,10,11,52,42,10,36,0
318,S-1900-1,1900,1,First Division,None,9,T-003,Blackburn Rovers,34,12,9,13,39,47,-8,33,0
319,S-1900-1,1900,1,First Division,None,10,T-004,Bolton Wanderers,34,13,7,14,39,55,-16,33,0
320,S-1900-1,1900,1,First Division,None,11,T-021,Manchester City,34,13,6,15,48,58,-10,32,0
321,S-1900-1,1900,1,First Division,None,12,T-006,Derby County,34,12,7,15,55,42,13,31,0
322,S-1900-1,1900,1,First Division,None,13,T-012,Wolverhampton Wanderers,34,9,13,12,39,55,-16,31,0
323,S-1900-1,1900,1,First Division,None,14,T-026,Sheffield United,34,12,7,15,35,52,-17,31,0
324,S-1900-1,1900,1,First Division,None,15,T-002,Aston Villa,34,10,10,14,45,51,-6,30,0
325,S-1900-1,1900,1,First Division,None,16,T-010,Stoke,34,11,5,18,46,57,-11,27,0
326,S-1900-1,1900,1,First Division,None,17,T-009,Preston North End,34,9,7,18,49,75,-26,25,0
327,S-1900-1,1900,1,First Division,None,18,T-011,West Bromwich Albion,34,7,8,19,35,62,-27,22,0
328,S-1900-2,1900,2,Second Division,None,1,T-019,Grimsby Town,34,20,9,5,60,33,27,49,0
329,S-1900-2,1900,2,Second Division,None,2,T-015,Small Heath,34,19,10,5,57,24,33,48,0
330,S-1900-2,1900,2,Second Division,None,3,T-005,Burnley,34,20,4,10,53,29,24,44,0
331,S-1900-2,1900,2,Second Division,None,4,T-043,New Brighton Tower,34,17,8,9,57,38,19,42,0
332,S-1900-2,1900,2,Second Division,None,5,T-042,Glossop,34,15,8,11,51,33,18,38,0
333,S-1900-2,1900,2,Second Division,None,6,T-045,Middlesbrough,34,15,7,12,50,40,10,37,0
334,S-1900-2,1900,2,Second Division,None,7,T-029,Woolwich Arsenal,34,15,6,13,39,35,4,36,0
335,S-1900-2,1900,2,Second Division,None,8,T-020,Lincoln City,34,13,7,14,43,39,4,33,0
336,S-1900-2,1900,2,Second Division,None,9,T-025,Burslem Port Vale,34,11,11,12,45,47,-2,33,0
337,S-1900-2,1900,2,Second Division,None,10,T-022,Newton Heath,34,14,4,16,42,38,4,32,0
338,S-1900-2,1900,2,Second Division,None,11,T-036,Leicester Fosse,34,11,10,13,39,37,2,32,0
339,S-1900-2,1900,2,Second Division,None,12,T-038,Blackpool,34,12,7,15,33,58,-25,31,0
340,S-1900-2,1900,2,Second Division,None,13,T-039,Gainsborough Trinity,34,10,10,14,45,60,-15,30,0
341,S-1900-2,1900,2,Second Division,None,14,T-044,Chesterfield Town,34,9,10,15,46,58,-12,28,0
342,S-1900-2,1900,2,Second Division,None,15,T-041,Barnsley,34,11,5,18,47,60,-13,27,0
343,S-1900-2,1900,2,Second Division,None,16,T-028,Walsall,34,7,13,14,40,56,-16,27,0
344,S-1900-2,1900,2,Second Division,None,17,T-046,Stockport County,34,11,3,20,38,68,-30,25,0
345,S-1900-2,1900,2,Second Division,None,18,T-017,Burton Swifts,34,8,4,22,34,66,-32,20,0
346,S-1901-1,1901,1,First Division,None,1,T-013,Sunderland,34,19,6,9,50,35,15,44,0
347,S-1901-1,1901,1,First Division,None,2,T-007,Everton,34,17,7,10,53,35,18,41,0
348,S-1901-1,1901,1,First Division,None,3,T-032,Newcastle United,34,14,9,11,48,34,14,37,0
349,S-1901-1,1901,1,First Division,None,4,T-003,Blackburn Rovers,34,15,6,13,52,48,4,36,0
350,S-1901-1,1901,1,First Division,None,5,T-024,Nottingham Forest,34,13,9,12,43,43,0,35,0
351,S-1901-1,1901,1,First Division,None,6,T-006,Derby County,34,13,9,12,39,41,-2,35,0
352,S-1901-1,1901,1,First Division,None,7,T-035,Bury,34,13,8,13,44,38,6,34,0
353,S-1901-1,1901,1,First Division,None,8,T-002,Aston Villa,34,13,8,13,42,40,2,34,0
354,S-1901-1,1901,1,First Division,None,9,T-027,The Wednesday,34,13,8,13,48,52,-4,34,0
355,S-1901-1,1901,1,First Division,None,10,T-026,Sheffield United,34,13,7,14,53,48,5,33,0
356,S-1901-1,1901,1,First Division,None,11,T-030,Liverpool,34,10,12,12,42,38,4,32,0
357,S-1901-1,1901,1,First Division,None,12,T-004,Bolton Wanderers,34,12,8,14,51,56,-5,32,0
358,S-1901-1,1901,1,First Division,None,13,T-008,Notts County,34,14,4,16,51,57,-6,32,0
359,S-1901-1,1901,1,First Division,None,14,T-012,Wolverhampton Wanderers,34,13,6,15,46,57,-11,32,0
360,S-1901-1,1901,1,First Division,None,15,T-019,Grimsby Town,34,13,6,15,44,60,-16,32,0
361,S-1901-1,1901,1,First Division,None,16,T-010,Stoke,34,11,9,14,45,55,-10,31,0
362,S-1901-1,1901,1,First Division,None,17,T-015,Small Heath,34,11,8,15,47,45,2,30,0
363,S-1901-1,1901,1,First Division,None,18,T-021,Manchester City,34,11,6,17,42,58,-16,28,0
364,S-1901-2,1901,2,Second Division,None,1,T-011,West Bromwich Albion,34,25,5,4,82,29,53,55,0
365,S-1901-2,1901,2,Second Division,None,2,T-045,Middlesbrough,34,23,5,6,90,24,66,51,0
366,S-1901-2,1901,2,Second Division,None,3,T-009,Preston North End,34,18,6,10,71,32,39,42,0
367,S-1901-2,1901,2,Second Division,None,4,T-029,Woolwich Arsenal,34,18,6,10,50,26,24,42,0
368,S-1901-2,1901,2,Second Division,None,5,T-020,Lincoln City,34,14,13,7,45,35,10,41,0
369,S-1901-2,1901,2,Second Division,None,6,T-047,Bristol City,34,17,6,11,52,35,17,40,0
370,S-1901-2,1901,2,Second Division,None,7,T-049,Doncaster Rovers,34,13,8,13,49,58,-9,34,0
371,S-1901-2,1901,2,Second Division,None,8,T-042,Glossop,34,10,12,12,36,40,-4,32,0
372,S-1901-2,1901,2,Second Division,None,9,T-005,Burnley,34,10,10,14,41,45,-4,30,0
373,S-1901-2,1901,2,Second Division,None,10,T-048,Burton United,34,11,8,15,46,54,-8,30,0
374,S-1901-2,1901,2,Second Division,None,11,T-041,Barnsley,34,12,6,16,51,63,-12,30,0
375,S-1901-2,1901,2,Second Division,None,12,T-025,Burslem Port Vale,34,10,9,15,43,59,-16,29,0
376,S-1901-2,1901,2,Second Division,None,13,T-038,Blackpool,34,11,7,16,40,56,-16,29,0
377,S-1901-2,1901,2,Second Division,None,14,T-036,Leicester Fosse,34,12,5,17,38,56,-18,29,0
378,S-1901-2,1901,2,Second Division,None,15,T-022,Newton Heath,34,11,6,17,38,53,-15,28,0
379,S-1901-2,1901,2,Second Division,None,16,T-044,Chesterfield Town,34,11,6,17,47,68,-21,28,0
380,S-1901-2,1901,2,Second Division,None,17,T-046,Stockport County,34,8,7,19,36,72,-36,23,0
381,S-1901-2,1901,2,Second Division,None,18,T-039,Gainsborough Trinity,34,4,11,19,30,80,-50,19,0
382,S-1902-1,1902,1,First Division,None,1,T-027,The Wednesday,34,19,4,11,54,36,18,42,0
383,S-1902-1,1902,1,First Division,None,2,T-002,Aston Villa,34,19,3,12,61,40,21,41,0
384,S-1902-1,1902,1,First Division,None,3,T-013,Sunderland,34,16,9,9,51,36,15,41,0
385,S-1902-1,1902,1,First Division,None,4,T-026,Sheffield United,34,17,5,12,58,44,14,39,0
386,S-1902-1,1902,1,First Division,None,5,T-030,Liverpool,34,17,4,13,68,49,19,38,0
387,S-1902-1,1902,1,First Division,None,6,T-010,Stoke,34,15,7,12,46,38,8,37,0
388,S-1902-1,1902,1,First Division,None,7,T-011,West Bromwich Albion,34,16,4,14,54,53,1,36,0
389,S-1902-1,1902,1,First Division,None,8,T-035,Bury,34,16,3,15,54,43,11,35,0
390,S-1902-1,1902,1,First Division,None,9,T-006,Derby County,34,16,3,15,50,47,3,35,0
391,S-1902-1,1902,1,First Division,None,10,T-024,Nottingham Forest,34,14,7,13,49,47,2,35,0
392,S-1902-1,1902,1,First Division,None,11,T-012,Wolverhampton Wanderers,34,14,5,15,48,57,-9,33,0
393,S-1902-1,1902,1,First Division,None,12,T-007,Everton,34,13,6,15,45,47,-2,32,0
394,S-1902-1,1902,1,First Division,None,13,T-045,Middlesbrough,34,14,4,16,41,50,-9,32,0
395,S-1902-1,1902,1,First Division,None,14,T-032,Newcastle United,34,14,4,16,41,51,-10,32,0
396,S-1902-1,1902,1,First Division,None,15,T-008,Notts County,34,12,7,15,41,49,-8,31,0
397,S-1902-1,1902,1,First Division,None,16,T-003,Blackburn Rovers,34,12,5,17,44,63,-19,29,0
398,S-1902-1,1902,1,First Division,None,17,T-019,Grimsby Town,34,8,9,17,43,62,-19,25,0
399,S-1902-1,1902,1,First Division,None,18,T-004,Bolton Wanderers,34,8,3,23,37,73,-36,19,0
400,S-1902-2,1902,2,Second Division,None,1,T-021,Manchester City,34,25,4,5,95,29,66,54,0
401,S-1902-2,1902,2,Second Division,None,2,T-015,Small Heath,34,24,3,7,74,36,38,51,0
402,S-1902-2,1902,2,Second Division,None,3,T-029,Woolwich Arsenal,34,20,8,6,66,30,36,48,0
403,S-1902-2,1902,2,Second Division,None,4,T-047,Bristol City,34,17,8,9,59,38,21,42,0
404,S-1902-2,1902,2,Second Division,None,5,T-022,Manchester United,34,15,8,11,53,38,15,38,0
405,S-1902-2,1902,2,Second Division,None,6,T-044,Chesterfield Town,34,14,9,11,67,40,27,37,0
406,S-1902-2,1902,2,Second Division,None,7,T-009,Preston North End,34,13,10,11,56,40,16,36,0
407,S-1902-2,1902,2,Second Division,None,8,T-041,Barnsley,34,13,8,13,55,51,4,34,0
408,S-1902-2,1902,2,Second Division,None,9,T-025,Burslem Port Vale,34,13,8,13,57,62,-5,34,0
409,S-1902-2,1902,2,Second Division,None,10,T-020,Lincoln City,34,12,6,16,46,53,-7,30,0
410,S-1902-2,1902,2,Second Division,None,11,T-042,Glossop,34,11,7,16,43,57,-14,29,0
411,S-1902-2,1902,2,Second Division,None,12,T-039,Gainsborough Trinity,34,11,7,16,41,59,-18,29,0
412,S-1902-2,1902,2,Second Division,None,13,T-048,Burton United,34,11,7,16,39,59,-20,29,0
413,S-1902-2,1902,2,Second Division,None,14,T-038,Blackpool,34,9,10,15,44,59,-15,28,0
414,S-1902-2,1902,2,Second Division,None,15,T-036,Leicester Fosse,34,10,8,16,41,65,-24,28,0
415,S-1902-2,1902,2,Second Division,None,16,T-049,Doncaster Rovers,34,9,7,18,35,72,-37,25,0
416,S-1902-2,1902,2,Second Division,None,17,T-046,Stockport County,34,7,6,21,38,74,-36,20,0
417,S-1902-2,1902,2,Second Division,None,18,T-005,Burnley,34,6,8,20,30,77,-47,20,0
418,S-1903-1,1903,1,First Division,None,1,T-027,The Wednesday,34,20,7,7,48,28,20,47,0
419,S-1903-1,1903,1,First Division,None,2,T-021,Manchester City,34,19,6,9,71,45,26,44,0
420,S-1903-1,1903,1,First Division,None,3,T-007,Everton,34,19,5,10,59,32,27,43,0
421,S-1903-1,1903,1,First Division,None,4,T-032,Newcastle United,34,18,6,10,58,45,13,42,0
422,S-1903-1,1903,1,First Division,None,5,T-002,Aston Villa,34,17,7,10,70,48,22,41,0
423,S-1903-1,1903,1,First Division,None,6,T-013,Sunderland,34,17,5,12,63,49,14,39,0
424,S-1903-1,1903,1,First Division,None,7,T-026,Sheffield United,34,15,8,11,62,57,5,38,0
425,S-1903-1,1903,1,First Division,None,8,T-012,Wolverhampton Wanderers,34,14,8,12,44,66,-22,36,0
426,S-1903-1,1903,1,First Division,None,9,T-024,Nottingham Forest,34,11,9,14,57,57,0,31,0
427,S-1903-1,1903,1,First Division,None,10,T-045,Middlesbrough,34,9,12,13,46,47,-1,30,0
428,S-1903-1,1903,1,First Division,None,11,T-015,Small Heath,34,11,8,15,39,52,-13,30,0
429,S-1903-1,1903,1,First Division,None,12,T-035,Bury,34,7,15,12,40,53,-13,29,0
430,S-1903-1,1903,1,First Division,None,13,T-008,Notts County,34,12,5,17,37,61,-24,29,0
431,S-1903-1,1903,1,First Division,None,14,T-006,Derby County,34,9,10,15,58,60,-2,28,0
432,S-1903-1,1903,1,First Division,None,15,T-003,Blackburn Rovers,34,11,6,17,48,60,-12,28,0
433,S-1903-1,1903,1,First Division,None,16,T-010,Stoke,34,10,7,17,54,57,-3,27,0
434,S-1903-1,1903,1,First Division,None,17,T-030,Liverpool,34,9,8,17,49,62,-13,26,0
435,S-1903-1,1903,1,First Division,None,18,T-011,West Bromwich Albion,34,7,10,17,36,60,-24,24,0
436,S-1903-2,1903,2,Second Division,None,1,T-009,Preston North End,34,20,10,4,62,24,38,50,0
437,S-1903-2,1903,2,Second Division,None,2,T-029,Woolwich Arsenal,34,21,7,6,91,22,69,49,0
438,S-1903-2,1903,2,Second Division,None,3,T-022,Manchester United,34,20,8,6,65,33,32,48,0
439,S-1903-2,1903,2,Second Division,None,4,T-047,Bristol City,34,18,6,10,73,41,32,42,0
440,S-1903-2,1903,2,Second Division,None,5,T-005,Burnley,34,15,9,10,50,55,-5,39,0
441,S-1903-2,1903,2,Second Division,None,6,T-019,Grimsby Town,34,14,8,12,50,49,1,36,0
442,S-1903-2,1903,2,Second Division,None,7,T-004,Bolton Wanderers,34,12,10,12,59,41,18,34,0
443,S-1903-2,1903,2,Second Division,None,8,T-041,Barnsley,34,11,10,13,38,57,-19,32,0
444,S-1903-2,1903,2,Second Division,None,9,T-039,Gainsborough Trinity,34,14,3,17,53,60,-7,31,0
445,S-1903-2,1903,2,Second Division,None,10,T-050,Bradford City,34,12,7,15,45,59,-14,31,0
446,S-1903-2,1903,2,Second Division,None,11,T-044,Chesterfield Town,34,11,8,15,37,45,-8,30,0
447,S-1903-2,1903,2,Second Division,None,12,T-020,Lincoln City,34,11,8,15,41,58,-17,30,0
448,S-1903-2,1903,2,Second Division,None,13,T-025,Burslem Port Vale,34,10,9,15,54,52,2,29,0
449,S-1903-2,1903,2,Second Division,None,14,T-048,Burton United,34,11,7,16,45,61,-16,29,0
450,S-1903-2,1903,2,Second Division,None,15,T-038,Blackpool,34,11,5,18,40,67,-27,27,0
451,S-1903-2,1903,2,Second Division,None,16,T-046,Stockport County,34,8,11,15,40,72,-32,27,0
452,S-1903-2,1903,2,Second Division,None,17,T-042,Glossop,34,10,6,18,57,64,-7,26,0
453,S-1903-2,1903,2,Second Division,None,18,T-036,Leicester Fosse,34,6,10,18,42,82,-40,22,0
454,S-1904-1,1904,1,First Division,None,1,T-032,Newcastle United,34,23,2,9,72,33,39,48,0
455,S-1904-1,1904,1,First Division,None,2,T-007,Everton,34,21,5,8,63,36,27,47,0
456,S-1904-1,1904,1,First Division,None,3,T-021,Manchester City,34,20,6,8,66,37,29,46,0
457,S-1904-1,1904,1,First Division,None,4,T-002,Aston Villa,34,19,4,11,63,43,20,42,0
458,S-1904-1,1904,1,First Division,None,5,T-013,Sunderland,34,16,8,10,60,44,16,40,0
459,S-1904-1,1904,1,First Division,None,6,T-026,Sheffield United,34,19,2,13,64,56,8,40,0
460,S-1904-1,1904,1,First Division,None,7,T-015,Small Heath,34,17,5,12,54,38,16,39,0
461,S-1904-1,1904,1,First Division,None,8,T-009,Preston North End,34,13,10,11,42,37,5,36,0
462,S-1904-1,1904,1,First Division,None,9,T-027,The Wednesday,34,14,5,15,61,57,4,33,0
463,S-1904-1,1904,1,First Division,None,10,T-029,Woolwich Arsenal,34,12,9,13,36,40,-4,33,0
464,S-1904-1,1904,1,First Division,None,11,T-006,Derby County,34,12,8,14,37,48,-11,32,0
465,S-1904-1,1904,1,First Division,None,12,T-010,Stoke,34,13,4,17,40,58,-18,30,0
466,S-1904-1,1904,1,First Division,None,13,T-003,Blackburn Rovers,34,11,5,18,40,51,-11,27,0
467,S-1904-1,1904,1,First Division,None,14,T-012,Wolverhampton Wanderers,34,11,4,19,47,73,-26,26,0
468,S-1904-1,1904,1,First Division,None,15,T-045,Middlesbrough,34,9,8,17,36,56,-20,26,0
469,S-1904-1,1904,1,First Division,None,16,T-024,Nottingham Forest,34,9,7,18,40,61,-21,25,0
470,S-1904-1,1904,1,First Division,None,17,T-035,Bury,34,10,4,20,47,67,-20,24,0
471,S-1904-1,1904,1,First Division,None,18,T-008,Notts County,34,5,8,21,36,69,-33,18,0
472,S-1904-2,1904,2,Second Division,None,1,T-030,Liverpool,34,27,4,3,93,25,68,58,0
473,S-1904-2,1904,2,Second Division,None,2,T-004,Bolton Wanderers,34,27,2,5,87,32,55,56,0
474,S-1904-2,1904,2,Second Division,None,3,T-022,Manchester United,34,24,5,5,81,30,51,53,0
475,S-1904-2,1904,2,Second Division,None,4,T-047,Bristol City,34,19,4,11,66,45,21,42,0
476,S-1904-2,1904,2,Second Division,None,5,T-044,Chesterfield Town,34,14,11,9,44,35,9,39,0
477,S-1904-2,1904,2,Second Division,None,6,T-039,Gainsborough Trinity,34,14,8,12,61,58,3,36,0
478,S-1904-2,1904,2,Second Division,None,7,T-041,Barnsley,34,14,5,15,38,56,-18,33,0
479,S-1904-2,1904,2,Second Division,None,8,T-050,Bradford City,34,12,8,14,45,49,-4,32,0
480,S-1904-2,1904,2,Second Division,None,9,T-020,Lincoln City,34,12,7,15,42,40,2,31,0
481,S-1904-2,1904,2,Second Division,None,10,T-011,West Bromwich Albion,34,13,4,17,56,48,8,30,0
482,S-1904-2,1904,2,Second Division,None,11,T-005,Burnley,34,12,6,16,43,52,-9,30,0
483,S-1904-2,1904,2,Second Division,None,12,T-042,Glossop,34,10,10,14,37,46,-9,30,0
484,S-1904-2,1904,2,Second Division,None,13,T-019,Grimsby Town,34,11,8,15,33,46,-13,30,0
485,S-1904-2,1904,2,Second Division,None,14,T-036,Leicester Fosse,34,11,7,16,40,55,-15,29,0
486,S-1904-2,1904,2,Second Division,None,15,T-038,Blackpool,34,9,10,15,36,48,-12,28,0
487,S-1904-2,1904,2,Second Division,None,16,T-025,Burslem Port Vale,34,10,7,17,47,72,-25,27,0
488,S-1904-2,1904,2,Second Division,None,17,T-048,Burton United,34,8,4,22,30,84,-54,20,0
489,S-1904-2,1904,2,Second Division,None,18,T-049,Doncaster Rovers,34,3,2,29,23,81,-58,8,0
490,S-1905-1,1905,1,First Division,None,1,T-030,Liverpool,38,23,5,10,79,46,33,51,0
491,S-1905-1,1905,1,First Division,None,2,T-009,Preston North End,38,17,13,8,54,39,15,47,0
492,S-1905-1,1905,1,First Division,None,3,T-027,The Wednesday,38,18,8,12,63,52,11,44,0
493,S-1905-1,1905,1,First Division,None,4,T-032,Newcastle United,38,18,7,13,74,48,26,43,0
494,S-1905-1,1905,1,First Division,None,5,T-021,Manchester City,38,19,5,14,73,54,19,43,0
495,S-1905-1,1905,1,First Division,None,6,T-004,Bolton Wanderers,38,17,7,14,81,67,14,41,0
496,S-1905-1,1905,1,First Division,None,7,T-015,Birmingham,38,17,7,14,65,59,6,41,0
497,S-1905-1,1905,1,First Division,None,8,T-002,Aston Villa,38,17,6,15,72,56,16,40,0
498,S-1905-1,1905,1,First Division,None,9,T-003,Blackburn Rovers,38,16,8,14,54,52,2,40,0
499,S-1905-1,1905,1,First Division,None,10,T-010,Stoke,38,16,7,15,54,55,-1,39,0
500,S-1905-1,1905,1,First Division,None,11,T-007,Everton,38,15,7,16,70,66,4,37,0
501,S-1905-1,1905,1,First Division,None,12,T-029,Woolwich Arsenal,38,15,7,16,62,64,-2,37,0
502,S-1905-1,1905,1,First Division,None,13,T-026,Sheffield United,38,15,6,17,57,62,-5,36,0
503,S-1905-1,1905,1,First Division,None,14,T-013,Sunderland,38,15,5,18,61,70,-9,35,0
504,S-1905-1,1905,1,First Division,None,15,T-006,Derby County,38,14,7,17,39,58,-19,35,0
505,S-1905-1,1905,1,First Division,None,16,T-008,Notts County,38,11,12,15,55,71,-16,34,0
506,S-1905-1,1905,1,First Division,None,17,T-035,Bury,38,11,10,17,57,74,-17,32,0
507,S-1905-1,1905,1,First Division,None,18,T-045,Middlesbrough,38,10,11,17,56,71,-15,31,0
508,S-1905-1,1905,1,First Division,None,19,T-024,Nottingham Forest,38,13,5,20,58,79,-21,31,0
509,S-1905-1,1905,1,First Division,None,20,T-012,Wolverhampton Wanderers,38,8,7,23,58,99,-41,23,0
510,S-1905-2,1905,2,Second Division,None,1,T-047,Bristol City,38,30,6,2,83,28,55,66,0
511,S-1905-2,1905,2,Second Division,None,2,T-022,Manchester United,38,28,6,4,90,28,62,62,0
512,S-1905-2,1905,2,Second Division,None,3,T-051,Chelsea,38,22,9,7,90,37,53,53,0
513,S-1905-2,1905,2,Second Division,None,4,T-011,West Bromwich Albion,38,22,8,8,79,36,43,52,0
514,S-1905-2,1905,2,Second Division,None,5,T-052,Hull City,38,19,6,13,67,54,13,44,0
515,S-1905-2,1905,2,Second Division,None,6,T-053,Leeds City,38,17,9,12,59,47,12,43,0
516,S-1905-2,1905,2,Second Division,None,7,T-036,Leicester Fosse,38,15,12,11,53,48,5,42,0
517,S-1905-2,1905,2,Second Division,None,8,T-019,Grimsby Town,38,15,10,13,46,46,0,40,0
518,S-1905-2,1905,2,Second Division,None,9,T-005,Burnley,38,15,8,15,42,53,-11,38,0
519,S-1905-2,1905,2,Second Division,None,10,T-046,Stockport County,38,13,9,16,44,56,-12,35,0
520,S-1905-2,1905,2,Second Division,None,11,T-050,Bradford City,38,13,8,17,46,60,-14,34,0
521,S-1905-2,1905,2,Second Division,None,12,T-041,Barnsley,38,12,9,17,60,62,-2,33,0
522,S-1905-2,1905,2,Second Division,None,13,T-020,Lincoln City,38,12,6,20,69,72,-3,30,0
523,S-1905-2,1905,2,Second Division,None,14,T-038,Blackpool,38,10,9,19,37,62,-25,29,0
524,S-1905-2,1905,2,Second Division,None,15,T-039,Gainsborough Trinity,38,12,4,22,44,57,-13,28,0
525,S-1905-2,1905,2,Second Division,None,16,T-042,Glossop,38,10,8,20,49,71,-22,28,0
526,S-1905-2,1905,2,Second Division,None,17,T-025,Burslem Port Vale,38,12,4,22,49,82,-33,28,0
527,S-1905-2,1905,2,Second Division,None,18,T-044,Chesterfield Town,38,10,8,20,40,72,-32,28,0
528,S-1905-2,1905,2,Second Division,None,19,T-048,Burton United,38,10,6,22,34,67,-33,26,0
529,S-1905-2,1905,2,Second Division,None,20,T-054,Clapton Orient,38,7,7,24,35,78,-43,21,0
530,S-1906-1,1906,1,First Division,None,1,T-032,Newcastle United,38,22,7,9,74,46,28,51,0
531,S-1906-1,1906,1,First Division,None,2,T-047,Bristol City,38,20,8,10,66,47,19,48,0
532,S-1906-1,1906,1,First Division,None,3,T-007,Everton,38,20,5,13,70,46,24,45,0
533,S-1906-1,1906,1,First Division,None,4,T-026,Sheffield United,38,17,11,10,57,55,2,45,0
534,S-1906-1,1906,1,First Division,None,5,T-002,Aston Villa,38,19,6,13,78,52,26,44,0
535,S-1906-1,1906,1,First Division,None,6,T-004,Bolton Wanderers,38,18,8,12,59,47,12,44,0
536,S-1906-1,1906,1,First Division,None,7,T-029,Woolwich Arsenal,38,20,4,14,66,59,7,44,0
537,S-1906-1,1906,1,First Division,None,8,T-022,Manchester United,38,17,8,13,53,56,-3,42,0
538,S-1906-1,1906,1,First Division,None,9,T-015,Birmingham,38,15,8,15,52,52,0,38,0
539,S-1906-1,1906,1,First Division,None,10,T-013,Sunderland,38,14,9,15,65,66,-1,37,0
540,S-1906-1,1906,1,First Division,None,11,T-045,Middlesbrough,38,15,6,17,56,63,-7,36,0
541,S-1906-1,1906,1,First Division,None,12,T-003,Blackburn Rovers,38,14,7,17,56,59,-3,35,0
542,S-1906-1,1906,1,First Division,None,13,T-027,The Wednesday,38,12,11,15,49,60,-11,35,0
543,S-1906-1,1906,1,First Division,None,14,T-009,Preston North End,38,14,7,17,44,57,-13,35,0
544,S-1906-1,1906,1,First Division,None,15,T-030,Liverpool,38,13,7,18,64,65,-1,33,0
545,S-1906-1,1906,1,First Division,None,16,T-035,Bury,38,13,6,19,58,68,-10,32,0
546,S-1906-1,1906,1,First Division,None,17,T-021,Manchester City,38,10,12,16,53,77,-24,32,0
547,S-1906-1,1906,1,First Division,None,18,T-008,Notts County,38,8,15,15,46,50,-4,31,0
548,S-1906-1,1906,1,First Division,None,19,T-006,Derby County,38,9,9,20,41,59,-18,27,0
549,S-1906-1,1906,1,First Division,None,20,T-010,Stoke,38,8,10,20,41,64,-23,26,0
550,S-1906-2,1906,2,Second Division,None,1,T-024,Nottingham Forest,38,28,4,6,74,36,38,60,0
551,S-1906-2,1906,2,Second Division,None,2,T-051,Chelsea,38,26,5,7,80,34,46,57,0
552,S-1906-2,1906,2,Second Division,None,3,T-036,Leicester Fosse,38,20,8,10,62,39,23,48,0
553,S-1906-2,1906,2,Second Division,None,4,T-011,West Bromwich Albion,38,21,5,12,83,45,38,47,0
554,S-1906-2,1906,2,Second Division,None,5,T-050,Bradford City,38,21,5,12,70,53,17,47,0
555,S-1906-2,1906,2,Second Division,None,6,T-012,Wolverhampton Wanderers,38,17,7,14,66,53,13,41,0
556,S-1906-2,1906,2,Second Division,None,7,T-005,Burnley,38,17,6,15,62,47,15,40,0
557,S-1906-2,1906,2,Second Division,None,8,T-041,Barnsley,38,15,8,15,73,55,18,38,0
558,S-1906-2,1906,2,Second Division,None,9,T-052,Hull City,38,15,7,16,65,57,8,37,0
559,S-1906-2,1906,2,Second Division,None,10,T-053,Leeds City,38,13,10,15,55,63,-8,36,0
560,S-1906-2,1906,2,Second Division,None,11,T-019,Grimsby Town,38,16,3,19,57,62,-5,35,0
561,S-1906-2,1906,2,Second Division,None,12,T-046,Stockport County,38,12,11,15,42,52,-10,35,0
562,S-1906-2,1906,2,Second Division,None,13,T-038,Blackpool,38,11,11,16,33,51,-18,33,0
563,S-1906-2,1906,2,Second Division,None,14,T-039,Gainsborough Trinity,38,14,5,19,45,72,-27,33,0
564,S-1906-2,1906,2,Second Division,None,15,T-042,Glossop,38,13,6,19,53,79,-26,32,0
565,S-1906-2,1906,2,Second Division,None,16,T-025,Burslem Port Vale,38,12,7,19,60,83,-23,31,0
566,S-1906-2,1906,2,Second Division,None,17,T-054,Clapton Orient,38,11,8,19,45,67,-22,30,0
567,S-1906-2,1906,2,Second Division,None,18,T-044,Chesterfield Town,38,11,7,20,50,66,-16,29,0
568,S-1906-2,1906,2,Second Division,None,19,T-020,Lincoln City,38,12,4,22,46,73,-27,28,0
569,S-1906-2,1906,2,Second Division,None,20,T-048,Burton United,38,8,7,23,34,68,-34,23,0
570,S-1907-1,1907,1,First Division,None,1,T-022,Manchester United,38,23,6,9,81,48,33,52,0
571,S-1907-1,1907,1,First Division,None,2,T-002,Aston Villa,38,17,9,12,77,59,18,43,0
572,S-1907-1,1907,1,First Division,None,3,T-021,Manchester City,38,16,11,11,62,54,8,43,0
573,S-1907-1,1907,1,First Division,None,4,T-032,Newcastle United,38,15,12,11,65,54,11,42,0
574,S-1907-1,1907,1,First Division,None,5,T-027,The Wednesday,38,19,4,15,73,64,9,42,0
575,S-1907-1,1907,1,First Division,None,6,T-045,Middlesbrough,38,17,7,14,54,45,9,41,0
576,S-1907-1,1907,1,First Division,None,7,T-035,Bury,38,14,11,13,58,61,-3,39,0
577,S-1907-1,1907,1,First Division,None,8,T-030,Liverpool,38,16,6,16,68,61,7,38,0
578,S-1907-1,1907,1,First Division,None,9,T-024,Nottingham Forest,38,13,11,14,59,62,-3,37,0
579,S-1907-1,1907,1,First Division,None,10,T-047,Bristol City,38,12,12,14,58,61,-3,36,0
580,S-1907-1,1907,1,First Division,None,11,T-007,Everton,38,15,6,17,58,64,-6,36,0
581,S-1907-1,1907,1,First Division,None,12,T-009,Preston North End,38,12,12,14,47,53,-6,36,0
582,S-1907-1,1907,1,First Division,None,13,T-051,Chelsea,38,14,8,16,53,62,-9,36,0
583,S-1907-1,1907,1,First Division,None,14,T-029,Woolwich Arsenal,38,12,12,14,51,63,-12,36,0
584,S-1907-1,1907,1,First Division,None,14,T-003,Blackburn Rovers,38,12,12,14,51,63,-12,36,0
585,S-1907-1,1907,1,First Division,None,16,T-013,Sunderland,38,16,3,19,78,75,3,35,0
586,S-1907-1,1907,1,First Division,None,17,T-026,Sheffield United,38,12,11,15,52,58,-6,35,0
587,S-1907-1,1907,1,First Division,None,18,T-008,Notts County,38,13,8,17,39,51,-12,34,0
588,S-1907-1,1907,1,First Division,None,19,T-004,Bolton Wanderers,38,14,5,19,52,58,-6,33,0
589,S-1907-1,1907,1,First Division,None,20,T-015,Birmingham,38,9,12,17,40,60,-20,30,0
590,S-1907-2,1907,2,Second Division,None,1,T-050,Bradford City,38,24,6,8,90,42,48,54,0
591,S-1907-2,1907,2,Second Division,None,2,T-036,Leicester Fosse,38,21,10,7,72,47,25,52,0
592,S-1907-2,1907,2,Second Division,None,3,T-056,Oldham Athletic,38,22,6,10,76,42,34,50,0
593,S-1907-2,1907,2,Second Division,None,4,T-055,Fulham,38,22,5,11,82,49,33,49,0
594,S-1907-2,1907,2,Second Division,None,5,T-011,West Bromwich Albion,38,19,9,10,61,39,22,47,0
595,S-1907-2,1907,2,Second Division,None,6,T-006,Derby County,38,21,4,13,77,45,32,46,0
596,S-1907-2,1907,2,Second Division,None,7,T-005,Burnley,38,20,6,12,67,50,17,46,0
597,S-1907-2,1907,2,Second Division,None,8,T-052,Hull City,38,21,4,13,73,62,11,46,0
598,S-1907-2,1907,2,Second Division,None,9,T-012,Wolverhampton Wanderers,38,15,7,16,50,45,5,37,0
599,S-1907-2,1907,2,Second Division,None,10,T-010,Stoke,38,16,5,17,57,52,5,37,0
600,S-1907-2,1907,2,Second Division,None,11,T-039,Gainsborough Trinity,38,14,7,17,47,71,-24,35,0
601,S-1907-2,1907,2,Second Division,None,12,T-053,Leeds City,38,12,8,18,53,65,-12,32,0
602,S-1907-2,1907,2,Second Division,None,13,T-046,Stockport County,38,12,8,18,48,67,-19,32,0
603,S-1907-2,1907,2,Second Division,None,14,T-054,Clapton Orient,38,11,10,17,40,65,-25,32,0
604,S-1907-2,1907,2,Second Division,None,15,T-038,Blackpool,38,11,9,18,51,58,-7,31,0
605,S-1907-2,1907,2,Second Division,None,16,T-041,Barnsley,38,12,6,20,54,68,-14,30,0
606,S-1907-2,1907,2,Second Division,None,17,T-042,Glossop,38,11,8,19,54,74,-20,30,0
607,S-1907-2,1907,2,Second Division,None,18,T-019,Grimsby Town,38,11,8,19,43,71,-28,30,0
608,S-1907-2,1907,2,Second Division,None,19,T-044,Chesterfield Town,38,6,11,21,46,92,-46,23,0
609,S-1907-2,1907,2,Second Division,None,20,T-020,Lincoln City,38,9,3,26,46,83,-37,21,0
610,S-1908-1,1908,1,First Division,None,1,T-032,Newcastle United,38,24,5,9,65,41,24,53,0
611,S-1908-1,1908,1,First Division,None,2,T-007,Everton,38,18,10,10,82,57,25,46,0
612,S-1908-1,1908,1,First Division,None,3,T-013,Sunderland,38,21,2,15,78,63,15,44,0
613,S-1908-1,1908,1,First Division,None,4,T-003,Blackburn Rovers,38,14,13,11,61,50,11,41,0
614,S-1908-1,1908,1,First Division,None,5,T-027,The Wednesday,38,17,6,15,67,61,6,40,0
615,S-1908-1,1908,1,First Division,None,6,T-029,Woolwich Arsenal,38,14,10,14,52,49,3,38,0
616,S-1908-1,1908,1,First Division,None,7,T-002,Aston Villa,38,14,10,14,58,56,2,38,0
617,S-1908-1,1908,1,First Division,None,8,T-047,Bristol City,38,13,12,13,45,58,-13,38,0
618,S-1908-1,1908,1,First Division,None,9,T-045,Middlesbrough,38,14,9,15,59,53,6,37,0
619,S-1908-1,1908,1,First Division,None,10,T-009,Preston North End,38,13,11,14,48,44,4,37,0
620,S-1908-1,1908,1,First Division,None,11,T-051,Chelsea,38,14,9,15,56,61,-5,37,0
621,S-1908-1,1908,1,First Division,None,12,T-026,Sheffield United,38,14,9,15,51,59,-8,37,0
622,S-1908-1,1908,1,First Division,None,13,T-022,Manchester United,38,15,7,16,58,68,-10,37,0
623,S-1908-1,1908,1,First Division,None,14,T-024,Nottingham Forest,38,14,8,16,66,57,9,36,0
624,S-1908-1,1908,1,First Division,None,15,T-008,Notts County,38,14,8,16,51,48,3,36,0
625,S-1908-1,1908,1,First Division,None,16,T-030,Liverpool,38,15,6,17,57,65,-8,36,0
626,S-1908-1,1908,1,First Division,None,17,T-035,Bury,38,14,8,16,63,77,-14,36,0
627,S-1908-1,1908,1,First Division,None,18,T-050,Bradford City,38,12,10,16,47,47,0,34,0
628,S-1908-1,1908,1,First Division,None,19,T-021,Manchester City,38,15,4,19,67,69,-2,34,0
629,S-1908-1,1908,1,First Division,None,20,T-036,Leicester Fosse,38,8,9,21,54,102,-48,25,0
630,S-1908-2,1908,2,Second Division,None,1,T-004,Bolton Wanderers,38,24,4,10,59,28,31,52,0
631,S-1908-2,1908,2,Second Division,None,2,T-058,Tottenham Hotspur,38,20,11,7,67,32,35,51,0
632,S-1908-2,1908,2,Second Division,None,3,T-011,West Bromwich Albion,38,19,13,6,56,27,29,51,0
633,S-1908-2,1908,2,Second Division,None,4,T-052,Hull City,38,19,6,13,63,39,24,44,0
634,S-1908-2,1908,2,Second Division,None,5,T-006,Derby County,38,16,11,11,55,41,14,43,0
635,S-1908-2,1908,2,Second Division,None,6,T-056,Oldham Athletic,38,17,6,15,55,43,12,40,0
636,S-1908-2,1908,2,Second Division,None,7,T-012,Wolverhampton Wanderers,38,14,11,13,56,48,8,39,0
637,S-1908-2,1908,2,Second Division,None,8,T-042,Glossop,38,15,8,15,57,53,4,38,0
638,S-1908-2,1908,2,Second Division,None,9,T-039,Gainsborough Trinity,38,15,8,15,49,70,-21,38,0
639,S-1908-2,1908,2,Second Division,None,10,T-055,Fulham,38,13,11,14,58,48,10,37,0
640,S-1908-2,1908,2,Second Division,None,11,T-015,Birmingham,38,14,9,15,58,61,-3,37,0
641,S-1908-2,1908,2,Second Division,None,12,T-053,Leeds City,38,14,7,17,43,53,-10,35,0
642,S-1908-2,1908,2,Second Division,None,13,T-019,Grimsby Town,38,14,7,17,41,54,-13,35,0
643,S-1908-2,1908,2,Second Division,None,14,T-005,Burnley,38,13,7,18,51,58,-7,33,0
644,S-1908-2,1908,2,Second Division,None,15,T-054,Clapton Orient,38,12,9,17,37,49,-12,33,0
645,S-1908-2,1908,2,Second Division,None,16,T-057,Bradford Park Avenue,38,13,6,19,51,59,-8,32,0
646,S-1908-2,1908,2,Second Division,None,17,T-041,Barnsley,38,11,10,17,48,57,-9,32,0
647,S-1908-2,1908,2,Second Division,None,18,T-046,Stockport County,38,14,3,21,39,71,-32,31,0
648,S-1908-2,1908,2,Second Division,None,19,T-044,Chesterfield Town,38,11,8,19,37,67,-30,30,0
649,S-1908-2,1908,2,Second Division,None,20,T-038,Blackpool,38,9,11,18,46,68,-22,29,0
650,S-1909-1,1909,1,First Division,None,1,T-002,Aston Villa,38,23,7,8,84,42,42,53,0
651,S-1909-1,1909,1,First Division,None,2,T-030,Liverpool,38,21,6,11,78,57,21,48,0
652,S-1909-1,1909,1,First Division,None,3,T-003,Blackburn Rovers,38,18,9,11,73,55,18,45,0
653,S-1909-1,1909,1,First Division,None,4,T-032,Newcastle United,38,19,7,12,70,56,14,45,0
654,S-1909-1,1909,1,First Division,None,5,T-022,Manchester United,38,19,7,12,69,61,8,45,0
655,S-1909-1,1909,1,First Division,None,6,T-026,Sheffield United,38,16,10,12,62,41,21,42,0
656,S-1909-1,1909,1,First Division,None,7,T-050,Bradford City,38,17,8,13,64,47,17,42,0
657,S-1909-1,1909,1,First Division,None,8,T-013,Sunderland,38,18,5,15,66,51,15,41,0
658,S-1909-1,1909,1,First Division,None,9,T-008,Notts County,38,15,10,13,67,59,8,40,0
659,S-1909-1,1909,1,First Division,None,10,T-007,Everton,38,16,8,14,51,56,-5,40,0
660,S-1909-1,1909,1,First Division,None,11,T-027,The Wednesday,38,15,9,14,60,63,-3,39,0
661,S-1909-1,1909,1,First Division,None,12,T-009,Preston North End,38,15,5,18,52,58,-6,35,0
662,S-1909-1,1909,1,First Division,None,13,T-035,Bury,38,12,9,17,62,66,-4,33,0
663,S-1909-1,1909,1,First Division,None,14,T-024,Nottingham Forest,38,11,11,16,54,72,-18,33,0
664,S-1909-1,1909,1,First Division,None,15,T-058,Tottenham Hotspur,38,11,10,17,53,69,-16,32,0
665,S-1909-1,1909,1,First Division,None,16,T-047,Bristol City,38,12,8,18,45,60,-15,32,0
666,S-1909-1,1909,1,First Division,None,17,T-045,Middlesbrough,38,11,9,18,56,73,-17,31,0
667,S-1909-1,1909,1,First Division,None,18,T-029,Woolwich Arsenal,38,11,9,18,37,67,-30,31,0
668,S-1909-1,1909,1,First Division,None,19,T-051,Chelsea,38,11,7,20,47,70,-23,29,0
669,S-1909-1,1909,1,First Division,None,20,T-004,Bolton Wanderers,38,9,6,23,44,71,-27,24,0
670,S-1909-2,1909,2,Second Division,None,1,T-021,Manchester City,38,23,8,7,81,40,41,54,0
671,S-1909-2,1909,2,Second Division,None,2,T-056,Oldham Athletic,38,23,7,8,79,39,40,53,0
672,S-1909-2,1909,2,Second Division,None,3,T-052,Hull City,38,23,7,8,80,46,34,53,0
673,S-1909-2,1909,2,Second Division,None,4,T-006,Derby County,38,22,9,7,72,47,25,53,0
674,S-1909-2,1909,2,Second Division,None,5,T-036,Leicester Fosse,38,20,4,14,79,58,21,44,0
675,S-1909-2,1909,2,Second Division,None,6,T-042,Glossop,38,18,7,13,64,57,7,43,0
676,S-1909-2,1909,2,Second Division,None,7,T-055,Fulham,38,14,13,11,51,43,8,41,0
677,S-1909-2,1909,2,Second Division,None,8,T-012,Wolverhampton Wanderers,38,17,6,15,64,63,1,40,0
678,S-1909-2,1909,2,Second Division,None,9,T-041,Barnsley,38,16,7,15,62,59,3,39,0
679,S-1909-2,1909,2,Second Division,None,10,T-057,Bradford Park Avenue,38,17,4,17,64,59,5,38,0
680,S-1909-2,1909,2,Second Division,None,11,T-011,West Bromwich Albion,38,16,5,17,58,56,2,37,0
681,S-1909-2,1909,2,Second Division,None,12,T-038,Blackpool,38,14,8,16,50,52,-2,36,0
682,S-1909-2,1909,2,Second Division,None,13,T-046,Stockport County,38,13,8,17,50,47,3,34,0
683,S-1909-2,1909,2,Second Division,None,14,T-005,Burnley,38,14,6,18,62,61,1,34,0
684,S-1909-2,1909,2,Second Division,None,15,T-020,Lincoln City,38,10,11,17,42,69,-27,31,0
685,S-1909-2,1909,2,Second Division,None,16,T-054,Clapton Orient,38,12,6,20,37,60,-23,30,0
686,S-1909-2,1909,2,Second Division,None,17,T-053,Leeds City,38,10,7,21,46,80,-34,27,0
687,S-1909-2,1909,2,Second Division,None,18,T-039,Gainsborough Trinity,38,10,6,22,33,75,-42,26,0
688,S-1909-2,1909,2,Second Division,None,19,T-019,Grimsby Town,38,9,6,23,50,77,-27,24,0
689,S-1909-2,1909,2,Second Division,None,20,T-015,Birmingham,38,8,7,23,42,78,-36,23,0
690,S-1910-1,1910,1,First Division,None,1,T-022,Manchester United,38,22,8,8,72,40,32,52,0
691,S-1910-1,1910,1,First Division,None,2,T-002,Aston Villa,38,22,7,9,69,41,28,51,0
692,S-1910-1,1910,1,First Division,None,3,T-013,Sunderland,38,15,15,8,67,48,19,45,0
693,S-1910-1,1910,1,First Division,None,4,T-007,Everton,38,19,7,12,50,36,14,45,0
694,S-1910-1,1910,1,First Division,None,5,T-050,Bradford City,38,20,5,13,51,42,9,45,0
695,S-1910-1,1910,1,First Division,None,6,T-027,The Wednesday,38,17,8,13,47,48,-1,42,0
696,S-1910-1,1910,1,First Division,None,7,T-056,Oldham Athletic,38,16,9,13,44,41,3,41,0
697,S-1910-1,1910,1,First Division,None,8,T-032,Newcastle United,38,15,10,13,61,43,18,40,0
698,S-1910-1,1910,1,First Division,None,9,T-026,Sheffield United,38,15,8,15,49,43,6,38,0
699,S-1910-1,1910,1,First Division,None,10,T-029,Woolwich Arsenal,38,13,12,13,41,49,-8,38,0
700,S-1910-1,1910,1,First Division,None,11,T-008,Notts County,38,14,10,14,37,45,-8,38,0
701,S-1910-1,1910,1,First Division,None,12,T-003,Blackburn Rovers,38,13,11,14,62,54,8,37,0
702,S-1910-1,1910,1,First Division,None,13,T-030,Liverpool,38,15,7,16,53,53,0,37,0
703,S-1910-1,1910,1,First Division,None,14,T-009,Preston North End,38,12,11,15,40,49,-9,35,0
704,S-1910-1,1910,1,First Division,None,15,T-058,Tottenham Hotspur,38,13,6,19,52,63,-11,32,0
705,S-1910-1,1910,1,First Division,None,16,T-045,Middlesbrough,38,11,10,17,49,63,-14,32,0
706,S-1910-1,1910,1,First Division,None,17,T-021,Manchester City,38,9,13,16,43,58,-15,31,0
707,S-1910-1,1910,1,First Division,None,18,T-035,Bury,38,9,11,18,43,71,-28,29,0
708,S-1910-1,1910,1,First Division,None,19,T-047,Bristol City,38,11,5,22,43,66,-23,27,0
709,S-1910-1,1910,1,First Division,None,20,T-024,Nottingham Forest,38,9,7,22,55,75,-20,25,0
710,S-1910-2,1910,2,Second Division,None,1,T-011,West Bromwich Albion,38,22,9,7,67,41,26,53,0
711,S-1910-2,1910,2,Second Division,None,2,T-004,Bolton Wanderers,38,21,9,8,69,40,29,51,0
712,S-1910-2,1910,2,Second Division,None,3,T-051,Chelsea,38,20,9,9,71,35,36,49,0
713,S-1910-2,1910,2,Second Division,None,4,T-054,Clapton Orient,38,19,7,12,44,35,9,45,0
714,S-1910-2,1910,2,Second Division,None,5,T-052,Hull City,38,14,16,8,55,39,16,44,0
715,S-1910-2,1910,2,Second Division,None,6,T-006,Derby County,38,17,8,13,73,52,21,42,0
716,S-1910-2,1910,2,Second Division,None,7,T-038,Blackpool,38,16,10,12,49,38,11,42,0
717,S-1910-2,1910,2,Second Division,None,8,T-005,Burnley,38,13,15,10,45,45,0,41,0
718,S-1910-2,1910,2,Second Division,None,9,T-012,Wolverhampton Wanderers,38,15,8,15,51,52,-1,38,0
719,S-1910-2,1910,2,Second Division,None,10,T-055,Fulham,38,15,7,16,52,48,4,37,0
720,S-1910-2,1910,2,Second Division,None,11,T-053,Leeds City,38,15,7,16,58,56,2,37,0
721,S-1910-2,1910,2,Second Division,None,12,T-057,Bradford Park Avenue,38,14,9,15,53,55,-2,37,0
722,S-1910-2,1910,2,Second Division,None,13,T-059,Huddersfield Town,38,13,8,17,57,58,-1,34,0
723,S-1910-2,1910,2,Second Division,None,14,T-042,Glossop,38,13,8,17,48,62,-14,34,0
724,S-1910-2,1910,2,Second Division,None,15,T-036,Leicester Fosse,38,14,5,19,52,62,-10,33,0
725,S-1910-2,1910,2,Second Division,None,16,T-015,Birmingham,38,12,8,18,42,64,-22,32,0
726,S-1910-2,1910,2,Second Division,None,17,T-046,Stockport County,38,11,8,19,47,79,-32,30,0
727,S-1910-2,1910,2,Second Division,None,18,T-039,Gainsborough Trinity,38,9,11,18,37,55,-18,29,0
728,S-1910-2,1910,2,Second Division,None,19,T-041,Barnsley,38,7,14,17,52,62,-10,28,0
729,S-1910-2,1910,2,Second Division,None,20,T-020,Lincoln City,38,7,10,21,28,72,-44,24,0
730,S-1911-1,1911,1,First Division,None,1,T-003,Blackburn Rovers,38,20,9,9,60,43,17,49,0
731,S-1911-1,1911,1,First Division,None,2,T-007,Everton,38,20,6,12,46,42,4,46,0
732,S-1911-1,1911,1,First Division,None,3,T-032,Newcastle United,38,18,8,12,64,50,14,44,0
733,S-1911-1,1911,1,First Division,None,4,T-004,Bolton Wanderers,38,20,3,15,54,43,11,43,0
734,S-1911-1,1911,1,First Division,None,5,T-027,The Wednesday,38,16,9,13,69,49,20,41,0
735,S-1911-1,1911,1,First Division,None,6,T-002,Aston Villa,38,17,7,14,76,63,13,41,0
736,S-1911-1,1911,1,First Division,None,7,T-045,Middlesbrough,38,16,8,14,56,45,11,40,0
737,S-1911-1,1911,1,First Division,None,8,T-013,Sunderland,38,14,11,13,58,51,7,39,0
738,S-1911-1,1911,1,First Division,None,9,T-011,West Bromwich Albion,38,15,9,14,43,47,-4,39,0
739,S-1911-1,1911,1,First Division,None,10,T-029,Woolwich Arsenal,38,15,8,15,55,59,-4,38,0
740,S-1911-1,1911,1,First Division,None,11,T-050,Bradford City,38,15,8,15,46,50,-4,38,0
741,S-1911-1,1911,1,First Division,None,12,T-058,Tottenham Hotspur,38,14,9,15,53,53,0,37,0
742,S-1911-1,1911,1,First Division,None,13,T-022,Manchester United,38,13,11,14,45,60,-15,37,0
743,S-1911-1,1911,1,First Division,None,14,T-026,Sheffield United,38,13,10,15,63,56,7,36,0
744,S-1911-1,1911,1,First Division,None,15,T-021,Manchester City,38,13,9,16,56,58,-2,35,0
745,S-1911-1,1911,1,First Division,None,16,T-008,Notts County,38,14,7,17,46,63,-17,35,0
746,S-1911-1,1911,1,First Division,None,17,T-030,Liverpool,38,12,10,16,49,55,-6,34,0
747,S-1911-1,1911,1,First Division,None,18,T-056,Oldham Athletic,38,12,10,16,46,54,-8,34,0
748,S-1911-1,1911,1,First Division,None,19,T-009,Preston North End,38,13,7,18,40,57,-17,33,0
749,S-1911-1,1911,1,First Division,None,20,T-035,Bury,38,6,9,23,32,59,-27,21,0
750,S-1911-2,1911,2,Second Division,None,1,T-006,Derby County,38,23,8,7,74,28,46,54,0
751,S-1911-2,1911,2,Second Division,None,2,T-051,Chelsea,38,24,6,8,64,34,30,54,0
752,S-1911-2,1911,2,Second Division,None,3,T-005,Burnley,38,22,8,8,77,41,36,52,0
753,S-1911-2,1911,2,Second Division,None,4,T-054,Clapton Orient,38,21,3,14,61,44,17,45,0
754,S-1911-2,1911,2,Second Division,None,5,T-012,Wolverhampton Wanderers,38,16,10,12,57,33,24,42,0
755,S-1911-2,1911,2,Second Division,None,6,T-041,Barnsley,38,15,12,11,45,42,3,42,0
756,S-1911-2,1911,2,Second Division,None,7,T-052,Hull City,38,17,8,13,54,51,3,42,0
757,S-1911-2,1911,2,Second Division,None,8,T-055,Fulham,38,16,7,15,66,58,8,39,0
758,S-1911-2,1911,2,Second Division,None,9,T-019,Grimsby Town,38,15,9,14,48,55,-7,39,0
759,S-1911-2,1911,2,Second Division,None,10,T-036,Leicester Fosse,38,15,7,16,49,66,-17,37,0
760,S-1911-2,1911,2,Second Division,None,11,T-057,Bradford Park Avenue,38,13,9,16,44,45,-1,35,0
761,S-1911-2,1911,2,Second Division,None,12,T-015,Birmingham,38,14,6,18,55,59,-4,34,0
762,S-1911-2,1911,2,Second Division,None,13,T-047,Bristol City,38,14,6,18,41,60,-19,34,0
763,S-1911-2,1911,2,Second Division,None,14,T-038,Blackpool,38,13,8,17,32,52,-20,34,0
764,S-1911-2,1911,2,Second Division,None,15,T-024,Nottingham Forest,38,13,7,18,46,48,-2,33,0
765,S-1911-2,1911,2,Second Division,None,16,T-046,Stockport County,38,11,11,16,47,54,-7,33,0
766,S-1911-2,1911,2,Second Division,None,17,T-059,Huddersfield Town,38,13,6,19,50,64,-14,32,0
767,S-1911-2,1911,2,Second Division,None,18,T-042,Glossop,38,8,12,18,42,56,-14,28,0
768,S-1911-2,1911,2,Second Division,None,19,T-053,Leeds City,38,10,8,20,50,78,-28,28,0
769,S-1911-2,1911,2,Second Division,None,20,T-039,Gainsborough Trinity,38,5,13,20,30,64,-34,23,0
770,S-1912-1,1912,1,First Division,None,1,T-013,Sunderland,38,25,4,9,86,43,43,54,0
771,S-1912-1,1912,1,First Division,None,2,T-002,Aston Villa,38,19,12,7,86,52,34,50,0
772,S-1912-1,1912,1,First Division,None,3,T-027,The Wednesday,38,21,7,10,75,55,20,49,0
773,S-1912-1,1912,1,First Division,None,4,T-022,Manchester United,38,19,8,11,69,43,26,46,0
774,S-1912-1,1912,1,First Division,None,5,T-003,Blackburn Rovers,38,16,13,9,79,43,36,45,0
775,S-1912-1,1912,1,First Division,None,6,T-021,Manchester City,38,18,8,12,53,37,16,44,0
776,S-1912-1,1912,1,First Division,None,7,T-006,Derby County,38,17,8,13,69,66,3,42,0
777,S-1912-1,1912,1,First Division,None,8,T-004,Bolton Wanderers,38,16,10,12,62,63,-1,42,0
778,S-1912-1,1912,1,First Division,None,9,T-056,Oldham Athletic,38,14,14,10,50,55,-5,42,0
779,S-1912-1,1912,1,First Division,None,10,T-011,West Bromwich Albion,38,13,12,13,57,50,7,38,0
780,S-1912-1,1912,1,First Division,None,11,T-007,Everton,38,15,7,16,48,54,-6,37,0
781,S-1912-1,1912,1,First Division,None,12,T-030,Liverpool,38,16,5,17,61,71,-10,37,0
782,S-1912-1,1912,1,First Division,None,13,T-050,Bradford City,38,12,11,15,50,60,-10,35,0
783,S-1912-1,1912,1,First Division,None,14,T-032,Newcastle United,38,13,8,17,47,47,0,34,0
784,S-1912-1,1912,1,First Division,None,15,T-026,Sheffield United,38,14,6,18,56,70,-14,34,0
785,S-1912-1,1912,1,First Division,None,16,T-045,Middlesbrough,38,11,10,17,55,69,-14,32,0
786,S-1912-1,1912,1,First Division,None,17,T-058,Tottenham Hotspur,38,12,6,20,45,72,-27,30,0
787,S-1912-1,1912,1,First Division,None,18,T-051,Chelsea,38,11,6,21,51,73,-22,28,0
788,S-1912-1,1912,1,First Division,None,19,T-008,Notts County,38,7,9,22,28,56,-28,23,0
789,S-1912-1,1912,1,First Division,None,20,T-029,Woolwich Arsenal,38,3,12,23,26,74,-48,18,0
790,S-1912-2,1912,2,Second Division,None,1,T-009,Preston North End,38,19,15,4,56,33,23,53,0
791,S-1912-2,1912,2,Second Division,None,2,T-005,Burnley,38,21,8,9,88,53,35,50,0
792,S-1912-2,1912,2,Second Division,None,3,T-015,Birmingham,38,18,10,10,59,44,15,46,0
793,S-1912-2,1912,2,Second Division,None,4,T-041,Barnsley,38,19,7,12,57,47,10,45,0
794,S-1912-2,1912,2,Second Division,None,5,T-059,Huddersfield Town,38,17,9,12,66,40,26,43,0
795,S-1912-2,1912,2,Second Division,None,6,T-053,Leeds City,38,15,10,13,70,64,6,40,0
796,S-1912-2,1912,2,Second Division,None,7,T-019,Grimsby Town,38,15,10,13,51,50,1,40,0
797,S-1912-2,1912,2,Second Division,None,8,T-020,Lincoln City,38,15,10,13,50,52,-2,40,0
798,S-1912-2,1912,2,Second Division,None,9,T-055,Fulham,38,17,5,16,65,55,10,39,0
799,S-1912-2,1912,2,Second Division,None,10,T-012,Wolverhampton Wanderers,38,14,10,14,56,54,2,38,0
800,S-1912-2,1912,2,Second Division,None,11,T-035,Bury,38,15,8,15,53,57,-4,38,0
801,S-1912-2,1912,2,Second Division,None,12,T-052,Hull City,38,15,6,17,60,55,5,36,0
802,S-1912-2,1912,2,Second Division,None,13,T-057,Bradford Park Avenue,38,14,8,16,60,60,0,36,0
803,S-1912-2,1912,2,Second Division,None,14,T-054,Clapton Orient,38,10,14,14,34,47,-13,34,0
804,S-1912-2,1912,2,Second Division,None,15,T-036,Leicester Fosse,38,13,7,18,49,65,-16,33,0
805,S-1912-2,1912,2,Second Division,None,16,T-047,Bristol City,38,9,15,14,46,72,-26,33,0
806,S-1912-2,1912,2,Second Division,None,17,T-024,Nottingham Forest,38,12,8,18,58,59,-1,32,0
807,S-1912-2,1912,2,Second Division,None,18,T-042,Glossop,38,12,8,18,49,68,-19,32,0
808,S-1912-2,1912,2,Second Division,None,19,T-046,Stockport County,38,8,10,20,56,78,-22,26,0
809,S-1912-2,1912,2,Second Division,None,20,T-038,Blackpool,38,9,8,21,39,69,-30,26,0
810,S-1913-1,1913,1,First Division,None,1,T-003,Blackburn Rovers,38,20,11,7,78,42,36,51,0
811,S-1913-1,1913,1,First Division,None,2,T-002,Aston Villa,38,19,6,13,65,50,15,44,0
812,S-1913-1,1913,1,First Division,None,3,T-045,Middlesbrough,38,19,5,14,77,60,17,43,0
813,S-1913-1,1913,1,First Division,None,4,T-056,Oldham Athletic,38,17,9,12,55,45,10,43,0
814,S-1913-1,1913,1,First Division,None,5,T-011,West Bromwich Albion,38,15,13,10,46,42,4,43,0
815,S-1913-1,1913,1,First Division,None,6,T-004,Bolton Wanderers,38,16,10,12,65,52,13,42,0
816,S-1913-1,1913,1,First Division,None,7,T-013,Sunderland,38,17,6,15,63,52,11,40,0
817,S-1913-1,1913,1,First Division,None,8,T-051,Chelsea,38,16,7,15,46,55,-9,39,0
818,S-1913-1,1913,1,First Division,None,9,T-050,Bradford City,38,12,14,12,40,40,0,38,0
819,S-1913-1,1913,1,First Division,None,10,T-026,Sheffield United,38,16,5,17,63,60,3,37,0
820,S-1913-1,1913,1,First Division,None,11,T-032,Newcastle United,38,13,11,14,39,48,-9,37,0
821,S-1913-1,1913,1,First Division,None,12,T-005,Burnley,38,12,12,14,61,53,8,36,0
822,S-1913-1,1913,1,First Division,None,13,T-021,Manchester City,38,14,8,16,51,53,-2,36,0
823,S-1913-1,1913,1,First Division,None,14,T-022,Manchester United,38,15,6,17,52,62,-10,36,0
824,S-1913-1,1913,1,First Division,None,15,T-007,Everton,38,12,11,15,46,55,-9,35,0
825,S-1913-1,1913,1,First Division,None,16,T-030,Liverpool,38,14,7,17,46,62,-16,35,0
826,S-1913-1,1913,1,First Division,None,17,T-058,Tottenham Hotspur,38,12,10,16,50,62,-12,34,0
827,S-1913-1,1913,1,First Division,None,18,T-027,The Wednesday,38,13,8,17,53,70,-17,34,0
828,S-1913-1,1913,1,First Division,None,19,T-009,Preston North End,38,12,6,20,52,69,-17,30,0
829,S-1913-1,1913,1,First Division,None,20,T-006,Derby County,38,8,11,19,55,71,-16,27,0
830,S-1913-2,1913,2,Second Division,None,1,T-008,Notts County,38,23,7,8,77,36,41,53,0
831,S-1913-2,1913,2,Second Division,None,2,T-057,Bradford Park Avenue,38,23,3,12,71,47,24,49,0
832,S-1913-2,1913,2,Second Division,None,3,T-029,Woolwich Arsenal,38,20,9,9,54,38,16,49,0
833,S-1913-2,1913,2,Second Division,None,4,T-053,Leeds City,38,20,7,11,76,46,30,47,0
834,S-1913-2,1913,2,Second Division,None,5,T-041,Barnsley,38,19,7,12,51,45,6,45,0
835,S-1913-2,1913,2,Second Division,None,6,T-054,Clapton Orient,38,16,11,11,47,35,12,43,0
836,S-1913-2,1913,2,Second Division,None,7,T-052,Hull City,38,16,9,13,53,37,16,41,0
837,S-1913-2,1913,2,Second Division,None,8,T-047,Bristol City,38,16,9,13,52,50,2,41,0
838,S-1913-2,1913,2,Second Division,None,9,T-012,Wolverhampton Wanderers,38,18,5,15,51,52,-1,41,0
839,S-1913-2,1913,2,Second Division,None,10,T-035,Bury,38,15,10,13,39,40,-1,40,0
840,S-1913-2,1913,2,Second Division,None,11,T-055,Fulham,38,16,6,16,46,43,3,38,0
841,S-1913-2,1913,2,Second Division,None,12,T-046,Stockport County,38,13,10,15,55,57,-2,36,0
842,S-1913-2,1913,2,Second Division,None,13,T-059,Huddersfield Town,38,13,8,17,47,53,-6,34,0
843,S-1913-2,1913,2,Second Division,None,14,T-015,Birmingham,38,12,10,16,48,60,-12,34,0
844,S-1913-2,1913,2,Second Division,None,15,T-019,Grimsby Town,38,13,8,17,42,58,-16,34,0
845,S-1913-2,1913,2,Second Division,None,16,T-038,Blackpool,38,9,14,15,33,44,-11,32,0
846,S-1913-2,1913,2,Second Division,None,17,T-042,Glossop,38,11,6,21,51,67,-16,28,0
847,S-1913-2,1913,2,Second Division,None,18,T-036,Leicester Fosse,38,11,4,23,45,61,-16,26,0
848,S-1913-2,1913,2,Second Division,None,19,T-020,Lincoln City,38,10,6,22,36,66,-30,26,0
849,S-1913-2,1913,2,Second Division,None,20,T-024,Nottingham Forest,38,7,9,22,37,76,-39,23,0
850,S-1914-1,1914,1,First Division,None,1,T-007,Everton,38,19,8,11,76,47,29,46,0
851,S-1914-1,1914,1,First Division,None,2,T-056,Oldham Athletic,38,17,11,10,70,56,14,45,0
852,S-1914-1,1914,1,First Division,None,3,T-003,Blackburn Rovers,38,18,7,13,83,61,22,43,0
853,S-1914-1,1914,1,First Division,None,4,T-005,Burnley,38,18,7,13,61,47,14,43,0
854,S-1914-1,1914,1,First Division,None,5,T-021,Manchester City,38,15,13,10,49,39,10,43,0
855,S-1914-1,1914,1,First Division,None,6,T-026,Sheffield United,38,15,13,10,49,41,8,43,0
856,S-1914-1,1914,1,First Division,None,7,T-027,The Wednesday,38,15,13,10,61,54,7,43,0
857,S-1914-1,1914,1,First Division,None,8,T-013,Sunderland,38,18,5,15,81,72,9,41,0
858,S-1914-1,1914,1,First Division,None,9,T-057,Bradford Park Avenue,38,17,7,14,69,65,4,41,0
859,S-1914-1,1914,1,First Division,None,10,T-011,West Bromwich Albion,38,15,10,13,49,43,6,40,0
860,S-1914-1,1914,1,First Division,None,11,T-050,Bradford City,38,13,14,11,55,49,6,40,0
861,S-1914-1,1914,1,First Division,None,12,T-045,Middlesbrough,38,13,12,13,62,74,-12,38,0
862,S-1914-1,1914,1,First Division,None,13,T-030,Liverpool,38,14,9,15,65,75,-10,37,0
863,S-1914-1,1914,1,First Division,None,14,T-002,Aston Villa,38,13,11,14,62,72,-10,37,0
864,S-1914-1,1914,1,First Division,None,15,T-032,Newcastle United,38,11,10,17,46,48,-2,32,0
865,S-1914-1,1914,1,First Division,None,16,T-008,Notts County,38,9,13,16,41,57,-16,31,0
866,S-1914-1,1914,1,First Division,None,17,T-004,Bolton Wanderers,38,11,8,19,68,84,-16,30,0
867,S-1914-1,1914,1,First Division,None,18,T-022,Manchester United,38,9,12,17,46,62,-16,30,0
868,S-1914-1,1914,1,First Division,None,19,T-051,Chelsea,38,8,13,17,51,65,-14,29,0
869,S-1914-1,1914,1,First Division,None,20,T-058,Tottenham Hotspur,38,8,12,18,57,90,-33,28,0
870,S-1914-2,1914,2,Second Division,None,1,T-006,Derby County,38,23,7,8,71,33,38,53,0
871,S-1914-2,1914,2,Second Division,None,2,T-009,Preston North End,38,20,10,8,61,42,19,50,0
872,S-1914-2,1914,2,Second Division,None,3,T-041,Barnsley,38,22,3,13,51,51,0,47,0
873,S-1914-2,1914,2,Second Division,None,4,T-012,Wolverhampton Wanderers,38,19,7,12,77,52,25,45,0
874,S-1914-2,1914,2,Second Division,None,5,T-029,Arsenal,38,19,5,14,69,41,28,43,0
875,S-1914-2,1914,2,Second Division,None,6,T-015,Birmingham,38,17,9,12,62,39,23,43,0
876,S-1914-2,1914,2,Second Division,None,7,T-052,Hull City,38,19,5,14,65,54,11,43,0
877,S-1914-2,1914,2,Second Division,None,8,T-059,Huddersfield Town,38,17,8,13,61,42,19,42,0
878,S-1914-2,1914,2,Second Division,None,9,T-054,Clapton Orient,38,16,9,13,50,48,2,41,0
879,S-1914-2,1914,2,Second Division,None,10,T-038,Blackpool,38,17,5,16,58,57,1,39,0
880,S-1914-2,1914,2,Second Division,None,11,T-035,Bury,38,15,8,15,61,56,5,38,0
881,S-1914-2,1914,2,Second Division,None,12,T-055,Fulham,38,15,7,16,53,47,6,37,0
882,S-1914-2,1914,2,Second Division,None,13,T-047,Bristol City,38,15,7,16,62,56,6,37,0
883,S-1914-2,1914,2,Second Division,None,14,T-046,Stockport County,38,15,7,16,54,60,-6,37,0
884,S-1914-2,1914,2,Second Division,None,15,T-053,Leeds City,38,14,4,20,65,64,1,32,0
885,S-1914-2,1914,2,Second Division,None,16,T-020,Lincoln City,38,11,9,18,46,65,-19,31,0
886,S-1914-2,1914,2,Second Division,None,17,T-019,Grimsby Town,38,11,9,18,48,76,-28,31,0
887,S-1914-2,1914,2,Second Division,None,18,T-024,Nottingham Forest,38,10,9,19,43,77,-34,29,0
888,S-1914-2,1914,2,Second Division,None,19,T-036,Leicester Fosse,38,10,4,24,47,88,-41,24,0
889,S-1914-2,1914,2,Second Division,None,20,T-042,Glossop,38,6,6,26,31,87,-56,18,0
890,S-1919-1,1919,1,First Division,None,1,T-011,West Bromwich Albion,42,28,4,10,104,47,57,60,0
891,S-1919-1,1919,1,First Division,None,2,T-005,Burnley,42,21,9,12,65,59,6,51,0
892,S-1919-1,1919,1,First Division,None,3,T-051,Chelsea,42,22,5,15,56,51,5,49,0
893,S-1919-1,1919,1,First Division,None,4,T-030,Liverpool,42,19,10,13,59,44,15,48,0
894,S-1919-1,1919,1,First Division,None,5,T-013,Sunderland,42,22,4,16,72,59,13,48,0
895,S-1919-1,1919,1,First Division,None,6,T-004,Bolton Wanderers,42,19,9,14,72,65,7,47,0
896,S-1919-1,1919,1,First Division,None,7,T-021,Manchester City,42,18,9,15,71,62,9,45,0
897,S-1919-1,1919,1,First Division,None,8,T-032,Newcastle United,42,17,9,16,44,39,5,43,0
898,S-1919-1,1919,1,First Division,None,9,T-002,Aston Villa,42,18,6,18,75,73,2,42,0
899,S-1919-1,1919,1,First Division,None,10,T-029,Arsenal,42,15,12,15,56,58,-2,42,0
900,S-1919-1,1919,1,First Division,None,11,T-057,Bradford Park Avenue,42,15,12,15,60,63,-3,42,0
901,S-1919-1,1919,1,First Division,None,12,T-022,Manchester United,42,13,14,15,54,50,4,40,0
902,S-1919-1,1919,1,First Division,None,13,T-045,Middlesbrough,42,15,10,17,61,65,-4,40,0
903,S-1919-1,1919,1,First Division,None,14,T-026,Sheffield United,42,16,8,18,59,69,-10,40,0
904,S-1919-1,1919,1,First Division,None,15,T-050,Bradford City,42,14,11,17,54,63,-9,39,0
905,S-1919-1,1919,1,First Division,None,16,T-007,Everton,42,12,14,16,69,68,1,38,0
906,S-1919-1,1919,1,First Division,None,17,T-056,Oldham Athletic,42,15,8,19,49,52,-3,38,0
907,S-1919-1,1919,1,First Division,None,18,T-006,Derby County,42,13,12,17,47,57,-10,38,0
908,S-1919-1,1919,1,First Division,None,19,T-009,Preston North End,42,14,10,18,57,73,-16,38,0
909,S-1919-1,1919,1,First Division,None,20,T-003,Blackburn Rovers,42,13,11,18,64,77,-13,37,0
910,S-1919-1,1919,1,First Division,None,21,T-008,Notts County,42,12,12,18,56,74,-18,36,0
911,S-1919-1,1919,1,First Division,None,22,T-027,The Wednesday,42,7,9,26,28,64,-36,23,0
912,S-1919-2,1919,2,Second Division,None,1,T-058,Tottenham Hotspur,42,32,6,4,102,32,70,70,0
913,S-1919-2,1919,2,Second Division,None,2,T-059,Huddersfield Town,42,28,8,6,97,38,59,64,0
914,S-1919-2,1919,2,Second Division,None,3,T-015,Birmingham,42,24,8,10,85,34,51,56,0
915,S-1919-2,1919,2,Second Division,None,4,T-038,Blackpool,42,21,10,11,65,47,18,52,0
916,S-1919-2,1919,2,Second Division,None,5,T-035,Bury,42,20,8,14,60,44,16,48,0
917,S-1919-2,1919,2,Second Division,None,6,T-055,Fulham,42,19,9,14,61,50,11,47,0
918,S-1919-2,1919,2,Second Division,None,7,T-063,West Ham United,42,19,9,14,47,40,7,47,0
919,S-1919-2,1919,2,Second Division,None,8,T-047,Bristol City,42,13,17,12,46,43,3,43,0
920,S-1919-2,1919,2,Second Division,None,9,T-061,South Shields,42,15,12,15,58,48,10,42,0
921,S-1919-2,1919,2,Second Division,None,10,T-010,Stoke,42,18,6,18,60,54,6,42,0
922,S-1919-2,1919,2,Second Division,None,11,T-052,Hull City,42,18,6,18,78,72,6,42,0
923,S-1919-2,1919,2,Second Division,None,12,T-041,Barnsley,42,15,10,17,61,55,6,40,0
924,S-1919-2,1919,2,Second Division,None,13,T-025,Port Vale,42,16,8,18,59,62,-3,40,0
925,S-1919-2,1919,2,Second Division,None,14,T-036,Leicester City,42,15,10,17,41,61,-20,40,0
926,S-1919-2,1919,2,Second Division,None,15,T-054,Clapton Orient,42,16,6,20,51,59,-8,38,0
927,S-1919-2,1919,2,Second Division,None,16,T-046,Stockport County,42,14,9,19,52,61,-9,37,0
928,S-1919-2,1919,2,Second Division,None,17,T-062,Rotherham County,42,13,8,21,51,83,-32,34,0
929,S-1919-2,1919,2,Second Division,None,18,T-024,Nottingham Forest,42,11,9,22,43,73,-30,31,0
930,S-1919-2,1919,2,Second Division,None,19,T-012,Wolverhampton Wanderers,42,10,10,22,55,80,-25,30,0
931,S-1919-2,1919,2,Second Division,None,20,T-060,Coventry City,42,9,11,22,35,73,-38,29,0
932,S-1919-2,1919,2,Second Division,None,21,T-020,Lincoln City,42,9,9,24,44,101,-57,27,0
933,S-1919-2,1919,2,Second Division,None,22,T-019,Grimsby Town,42,10,5,27,34,75,-41,25,0
934,S-1920-1,1920,1,First Division,None,1,T-005,Burnley,42,23,13,6,79,36,43,59,0
935,S-1920-1,1920,1,First Division,None,2,T-021,Manchester City,42,24,6,12,70,50,20,54,0
936,S-1920-1,1920,1,First Division,None,3,T-004,Bolton Wanderers,42,19,14,9,77,53,24,52,0
937,S-1920-1,1920,1,First Division,None,4,T-030,Liverpool,42,18,15,9,63,35,28,51,0
938,S-1920-1,1920,1,First Division,None,5,T-032,Newcastle United,42,20,10,12,66,45,21,50,0
939,S-1920-1,1920,1,First Division,None,6,T-058,Tottenham Hotspur,42,19,9,14,70,48,22,47,0
940,S-1920-1,1920,1,First Division,None,7,T-007,Everton,42,17,13,12,66,55,11,47,0
941,S-1920-1,1920,1,First Division,None,8,T-045,Middlesbrough,42,17,12,13,53,53,0,46,0
942,S-1920-1,1920,1,First Division,None,9,T-029,Arsenal,42,15,14,13,59,63,-4,44,0
943,S-1920-1,1920,1,First Division,None,10,T-002,Aston Villa,42,18,7,17,63,70,-7,43,0
944,S-1920-1,1920,1,First Division,None,11,T-003,Blackburn Rovers,42,13,15,14,57,59,-2,41,0
945,S-1920-1,1920,1,First Division,None,12,T-013,Sunderland,42,14,13,15,57,60,-3,41,0
946,S-1920-1,1920,1,First Division,None,13,T-022,Manchester United,42,15,10,17,64,68,-4,40,0
947,S-1920-1,1920,1,First Division,None,14,T-011,West Bromwich Albion,42,13,14,15,54,58,-4,40,0
948,S-1920-1,1920,1,First Division,None,15,T-050,Bradford City,42,12,15,15,61,63,-2,39,0
949,S-1920-1,1920,1,First Division,None,16,T-009,Preston North End,42,15,9,18,61,65,-4,39,0
950,S-1920-1,1920,1,First Division,None,17,T-059,Huddersfield Town,42,15,9,18,42,49,-7,39,0
951,S-1920-1,1920,1,First Division,None,18,T-051,Chelsea,42,13,13,16,48,58,-10,39,0
952,S-1920-1,1920,1,First Division,None,19,T-056,Oldham Athletic,42,9,15,18,49,86,-37,33,0
953,S-1920-1,1920,1,First Division,None,20,T-026,Sheffield United,42,6,18,18,42,68,-26,30,0
954,S-1920-1,1920,1,First Division,None,21,T-006,Derby County,42,5,16,21,32,58,-26,26,0
955,S-1920-1,1920,1,First Division,None,22,T-057,Bradford Park Avenue,42,8,8,26,43,76,-33,24,0
956,S-1920-2,1920,2,Second Division,None,1,T-015,Birmingham,42,24,10,8,79,38,41,58,0
957,S-1920-2,1920,2,Second Division,None,2,T-067,Cardiff City,42,24,10,8,59,32,27,58,0
958,S-1920-2,1920,2,Second Division,None,3,T-047,Bristol City,42,19,13,10,49,29,20,51,0
959,S-1920-2,1920,2,Second Division,None,4,T-038,Blackpool,42,20,10,12,54,42,12,50,0
960,S-1920-2,1920,2,Second Division,None,5,T-063,West Ham United,42,19,10,13,51,30,21,48,0
961,S-1920-2,1920,2,Second Division,None,6,T-008,Notts County,42,18,11,13,55,40,15,47,0
962,S-1920-2,1920,2,Second Division,None,7,T-054,Clapton Orient,42,16,13,13,43,42,1,45,0
963,S-1920-2,1920,2,Second Division,None,8,T-061,South Shields,42,17,10,15,61,46,15,44,0
964,S-1920-2,1920,2,Second Division,None,9,T-055,Fulham,42,16,10,16,43,47,-4,42,0
965,S-1920-2,1920,2,Second Division,None,10,T-027,The Wednesday,42,15,11,16,48,48,0,41,0
966,S-1920-2,1920,2,Second Division,None,11,T-035,Bury,42,15,10,17,45,49,-4,40,0
967,S-1920-2,1920,2,Second Division,None,12,T-036,Leicester City,42,12,16,14,39,46,-7,40,0
968,S-1920-2,1920,2,Second Division,None,13,T-052,Hull City,42,10,20,12,43,53,-10,40,0
969,S-1920-2,1920,2,Second Division,None,14,T-071,Leeds United,42,14,10,18,40,45,-5,38,0
970,S-1920-2,1920,2,Second Division,None,15,T-012,Wolverhampton Wanderers,42,16,6,20,49,66,-17,38,0
971,S-1920-2,1920,2,Second Division,None,16,T-041,Barnsley,42,10,16,16,48,50,-2,36,0
972,S-1920-2,1920,2,Second Division,None,17,T-025,Port Vale,42,11,14,17,43,49,-6,36,0
973,S-1920-2,1920,2,Second Division,None,18,T-024,Nottingham Forest,42,12,12,18,48,55,-7,36,0
974,S-1920-2,1920,2,Second Division,None,19,T-062,Rotherham County,42,12,12,18,37,53,-16,36,0
975,S-1920-2,1920,2,Second Division,None,20,T-010,Stoke,42,12,11,19,46,56,-10,35,0
976,S-1920-2,1920,2,Second Division,None,21,T-060,Coventry City,42,12,11,19,39,70,-31,35,0
977,S-1920-2,1920,2,Second Division,None,22,T-046,Stockport County,42,9,12,21,42,75,-33,30,0
978,S-1920-3,1920,3,Third Division,None,1,T-068,Crystal Palace,42,24,11,7,70,34,36,59,0
979,S-1920-3,1920,3,Third Division,None,2,T-081,Southampton,42,19,16,7,64,28,36,54,0
980,S-1920-3,1920,3,Third Division,None,3,T-079,Queens Park Rangers,42,22,9,11,61,32,29,53,0
981,S-1920-3,1920,3,Third Division,None,4,T-084,Swindon Town,42,21,10,11,73,49,24,52,0
982,S-1920-3,1920,3,Third Division,None,5,T-083,Swansea Town,42,18,15,9,56,45,11,51,0
983,S-1920-3,1920,3,Third Division,None,6,T-085,Watford,42,20,8,14,59,44,15,48,0
984,S-1920-3,1920,3,Third Division,None,7,T-073,Millwall,42,18,11,13,42,30,12,47,0
985,S-1920-3,1920,3,Third Division,None,8,T-072,Merthyr Town,42,15,15,12,60,49,11,45,0
986,S-1920-3,1920,3,Third Division,None,9,T-040,Luton Town,42,16,12,14,61,56,5,44,0
987,S-1920-3,1920,3,Third Division,None,10,T-066,Bristol Rovers,42,18,7,17,68,57,11,43,0
988,S-1920-3,1920,3,Third Division,None,11,T-077,Plymouth Argyle,42,11,21,10,35,34,1,43,0
989,S-1920-3,1920,3,Third Division,None,12,T-078,Portsmouth,42,12,15,15,46,48,-2,39,0
990,S-1920-3,1920,3,Third Division,None,13,T-019,Grimsby Town,42,15,9,18,49,59,-10,39,0
991,S-1920-3,1920,3,Third Division,None,14,T-075,Northampton Town,42,15,8,19,59,75,-16,38,0
992,S-1920-3,1920,3,Third Division,None,15,T-074,Newport County,42,14,9,19,43,64,-21,37,0
993,S-1920-3,1920,3,Third Division,None,16,T-076,Norwich City,42,10,16,16,44,53,-9,36,0
994,S-1920-3,1920,3,Third Division,None,17,T-082,Southend United,42,14,8,20,44,61,-17,36,0
995,S-1920-3,1920,3,Third Division,None,18,T-065,Brighton & Hove Albion,42,14,8,20,42,61,-19,36,0
996,S-1920-3,1920,3,Third Division,None,19,T-069,Exeter City,42,10,15,17,39,54,-15,35,0
997,S-1920-3,1920,3,Third Division,None,20,T-080,Reading,42,12,7,23,42,59,-17,31,0
998,S-1920-3,1920,3,Third Division,None,21,T-064,Brentford,42,9,12,21,42,67,-25,30,0
999,S-1920-3,1920,3,Third Division,None,22,T-070,Gillingham,42,8,12,22,34,74,-40,28,0
1000,S-1921-1,1921,1,First Division,None,1,T-030,Liverpool,42,22,13,7,63,36,27,57,0
